study,model,channel,k,cost_metric,method,reference,n_paired_seeds,mean_difference,ci95_low,ci95_high,p_value,holm_p_all135
HAR_Dirichlet,logistic,iid,32,sim_seconds,client_ema,fixed_k,12,-0.00030413625304136677,-0.005948205577942389,0.005339933071859656,0.9077286244290175,1.0
HAR_Dirichlet,logistic,iid,32,sim_seconds,conditional,fixed_k,12,-0.00266119221411192,-0.009254590756846051,0.00393220632862221,0.39336358479449496,1.0
HAR_Dirichlet,logistic,iid,32,sim_seconds,estimated_conditional,fixed_k,12,-0.003573600973236011,-0.009362639131996614,0.0022154371855245924,0.20145667880861456,1.0
HAR_Dirichlet,logistic,iid,32,sim_seconds,mean_length,fixed_k,12,-0.002052919708029196,-0.006916546046152657,0.002810706630094266,0.3728123962823235,1.0
HAR_Dirichlet,logistic,iid,32,sim_seconds,naive,fixed_k,12,-0.015739051094890506,-0.020602677433013958,-0.010875424756767055,1.9359785945840082e-05,0.0024393330291758502
HAR_Dirichlet,logistic,iid,32,total_wire_bytes,client_ema,fixed_k,12,0.0006082725060827335,-0.004356126160094757,0.005572671172260225,0.7923984495320996,1.0
HAR_Dirichlet,logistic,iid,32,total_wire_bytes,conditional,fixed_k,12,-0.001520681265206797,-0.008412569694070721,0.005371207163657127,0.6367490911574137,1.0
HAR_Dirichlet,logistic,iid,32,total_wire_bytes,estimated_conditional,fixed_k,12,-0.0022049878345498744,-0.007871342242771579,0.0034613665736718305,0.41000016314239857,1.0
HAR_Dirichlet,logistic,iid,32,total_wire_bytes,mean_length,fixed_k,12,-0.00045620437956202703,-0.004922795366813715,0.004010386607689661,0.8262546493137114,1.0
HAR_Dirichlet,logistic,iid,32,total_wire_bytes,naive,fixed_k,12,-0.015130778588807773,-0.020353839123520037,-0.009907718054095509,5.251565316570354e-05,0.006406909686215831
HAR_Dirichlet,logistic,iid,32,uplink_bytes,client_ema,fixed_k,12,0.0006082725060827335,-0.004356126160094757,0.005572671172260225,0.7923984495320996,1.0
HAR_Dirichlet,logistic,iid,32,uplink_bytes,conditional,fixed_k,12,-0.001520681265206797,-0.008412569694070721,0.005371207163657127,0.6367490911574137,1.0
HAR_Dirichlet,logistic,iid,32,uplink_bytes,estimated_conditional,fixed_k,12,-0.00691909975669099,-0.013636443771303294,-0.00020175574207868634,0.0445343396904966,1.0
HAR_Dirichlet,logistic,iid,32,uplink_bytes,mean_length,fixed_k,12,-0.00045620437956202703,-0.004922795366813715,0.004010386607689661,0.8262546493137114,1.0
HAR_Dirichlet,logistic,iid,32,uplink_bytes,naive,fixed_k,12,-0.015130778588807773,-0.020353839123520037,-0.009907718054095509,5.251565316570354e-05,0.006406909686215831
HAR_Dirichlet,logistic,iid,128,sim_seconds,client_ema,fixed_k,12,0.0015206812652067876,-0.0022633230902403398,0.005304685620653915,0.3953423398345774,1.0
HAR_Dirichlet,logistic,iid,128,sim_seconds,conditional,fixed_k,12,0.0015967153284671503,-0.002678529086083194,0.005871959743017495,0.42852251323226265,1.0
HAR_Dirichlet,logistic,iid,128,sim_seconds,estimated_conditional,fixed_k,12,0.0006843065693430498,-0.0052437960860009505,0.006612409224687051,0.8041286676641924,1.0
HAR_Dirichlet,logistic,iid,128,sim_seconds,mean_length,fixed_k,12,0.0012925790754257742,-0.0024762561667104168,0.005061414317561965,0.4661870209162432,1.0
HAR_Dirichlet,logistic,iid,128,sim_seconds,naive,fixed_k,12,-0.007375304136253054,-0.012284780349280634,-0.0024658279232254747,0.00699746033853241,0.7767180975770975
HAR_Dirichlet,logistic,iid,128,total_wire_bytes,client_ema,fixed_k,12,0.0025851581508515853,-0.0011541756554561845,0.006324491957159355,0.15631449287303634,1.0
HAR_Dirichlet,logistic,iid,128,total_wire_bytes,conditional,fixed_k,12,0.0008363746958637378,-0.003060005939494434,0.004732755331221909,0.6458396668379198,1.0
HAR_Dirichlet,logistic,iid,128,total_wire_bytes,estimated_conditional,fixed_k,12,0.0008363746958637378,-0.005114018972979699,0.006786768364707175,0.7628244646359099,1.0
HAR_Dirichlet,logistic,iid,128,total_wire_bytes,mean_length,fixed_k,12,0.002357055961070572,-0.0020054353011180787,0.006719547223259223,0.25940066559371017,1.0
HAR_Dirichlet,logistic,iid,128,total_wire_bytes,naive,fixed_k,12,-0.007983576642335751,-0.012244504584989857,-0.0037226486996816462,0.0016894290910639813,0.20273149092767775
HAR_Dirichlet,logistic,iid,128,uplink_bytes,client_ema,fixed_k,12,0.0025851581508515853,-0.0011541756554561845,0.006324491957159355,0.15631449287303634,1.0
HAR_Dirichlet,logistic,iid,128,uplink_bytes,conditional,fixed_k,12,0.0008363746958637378,-0.003060005939494434,0.004732755331221909,0.6458396668379198,1.0
HAR_Dirichlet,logistic,iid,128,uplink_bytes,estimated_conditional,fixed_k,12,-0.0015967153284671594,-0.0060812256561331764,0.002887794999198858,0.4497824751960559,1.0
HAR_Dirichlet,logistic,iid,128,uplink_bytes,mean_length,fixed_k,12,0.002357055961070572,-0.0020054353011180787,0.006719547223259223,0.25940066559371017,1.0
HAR_Dirichlet,logistic,iid,128,uplink_bytes,naive,fixed_k,12,-0.007983576642335751,-0.012244504584989857,-0.0037226486996816462,0.0016894290910639813,0.20273149092767775
HAR_Dirichlet,logistic,iid,512,sim_seconds,client_ema,fixed_k,12,0.0008363746958637286,-0.0016164179332832864,0.0032891673250107435,0.4686972124910743,1.0
HAR_Dirichlet,logistic,iid,512,sim_seconds,conditional,fixed_k,12,0.0006843065693430406,-0.0019097387141685717,0.003278351852854653,0.5732007698322231,1.0
HAR_Dirichlet,logistic,iid,512,sim_seconds,estimated_conditional,fixed_k,12,-0.0008363746958637656,-0.00441390576607896,0.002741156374351429,0.6170421855272921,1.0
HAR_Dirichlet,logistic,iid,512,sim_seconds,mean_length,fixed_k,12,0.0006843065693430406,-0.0021137180513113884,0.0034823311899974695,0.6010991544047757,1.0
HAR_Dirichlet,logistic,iid,512,sim_seconds,naive,fixed_k,12,-0.004714111922141125,-0.00828630153055548,-0.0011419223137267708,0.014327401988176138,1.0
HAR_Dirichlet,logistic,iid,512,total_wire_bytes,client_ema,fixed_k,12,0.00022810218978099503,-0.00192864005601544,0.00238484443557743,0.820205739110912,1.0
HAR_Dirichlet,logistic,iid,512,total_wire_bytes,conditional,fixed_k,12,0.0010644768856447513,-0.0014422184290752988,0.003571172200364801,0.37002983916000615,1.0
HAR_Dirichlet,logistic,iid,512,total_wire_bytes,estimated_conditional,fixed_k,12,-9.25185853854297e-18,-0.004578061815718274,0.004578061815718255,0.9999999999999966,1.0
HAR_Dirichlet,logistic,iid,512,total_wire_bytes,mean_length,fixed_k,12,0.0011405109489050862,-0.0018064191282024932,0.004087441026012666,0.4124762324441453,1.0
HAR_Dirichlet,logistic,iid,512,total_wire_bytes,naive,fixed_k,12,-0.004866180048661804,-0.008792827449043234,-0.0009395326482803737,0.01966192206942064,1.0
HAR_Dirichlet,logistic,iid,512,uplink_bytes,client_ema,fixed_k,12,0.00022810218978099503,-0.00192864005601544,0.00238484443557743,0.820205739110912,1.0
HAR_Dirichlet,logistic,iid,512,uplink_bytes,conditional,fixed_k,12,0.0010644768856447513,-0.0014422184290752988,0.003571172200364801,0.37002983916000615,1.0
HAR_Dirichlet,logistic,iid,512,uplink_bytes,estimated_conditional,fixed_k,12,0.00022810218978101351,-0.004125041283415899,0.004581245662977926,0.9102616891834275,1.0
HAR_Dirichlet,logistic,iid,512,uplink_bytes,mean_length,fixed_k,12,0.0011405109489050862,-0.0018064191282024932,0.004087441026012666,0.4124762324441453,1.0
HAR_Dirichlet,logistic,iid,512,uplink_bytes,naive,fixed_k,12,-0.004866180048661804,-0.008792827449043234,-0.0009395326482803737,0.01966192206942064,1.0
HAR_subject,logistic,iid,32,sim_seconds,client_ema,fixed_k,12,0.0034215328467153325,0.000612610328450545,0.00623045536498012,0.021369690625337875,1.0
HAR_subject,logistic,iid,32,sim_seconds,conditional,fixed_k,12,0.0031173965936739656,-0.00036492809886433993,0.006599721286212271,0.07448923431563895,1.0
HAR_subject,logistic,iid,32,sim_seconds,estimated_conditional,fixed_k,12,0.0006082725060827243,-0.0024923219374702278,0.0037088669496356764,0.6742372381662269,1.0
HAR_subject,logistic,iid,32,sim_seconds,mean_length,fixed_k,12,0.001976885644768861,-0.00043033057198990556,0.0043841018615276275,0.09807644502195896,1.0
HAR_subject,logistic,iid,32,sim_seconds,naive,fixed_k,12,-0.012165450121654486,-0.0154104840106595,-0.008920416232649473,4.861659124035705e-06,0.0006174307087525345
HAR_subject,logistic,iid,32,total_wire_bytes,client_ema,fixed_k,12,0.00266119221411192,-0.0007769854405663217,0.006099369868790162,0.11650751597690691,1.0
HAR_subject,logistic,iid,32,total_wire_bytes,conditional,fixed_k,12,9.25185853854297e-18,-0.0025208747144534016,0.00252087471445342,0.9999999999999937,1.0
HAR_subject,logistic,iid,32,total_wire_bytes,estimated_conditional,fixed_k,12,0.0009124087591240911,-0.002366965069137748,0.0041917825873859305,0.5527396628650425,1.0
HAR_subject,logistic,iid,32,total_wire_bytes,mean_length,fixed_k,12,-0.0007603406326033938,-0.0031420379354890975,0.0016213566702823101,0.4968749526618153,1.0
HAR_subject,logistic,iid,32,total_wire_bytes,naive,fixed_k,12,-0.015358880778588787,-0.01929718189844518,-0.011420579658732395,3.3240207541864607e-06,0.00042879867729005345
HAR_subject,logistic,iid,32,uplink_bytes,client_ema,fixed_k,12,0.00266119221411192,-0.0007769854405663217,0.006099369868790162,0.11650751597690691,1.0
HAR_subject,logistic,iid,32,uplink_bytes,conditional,fixed_k,12,9.25185853854297e-18,-0.0025208747144534016,0.00252087471445342,0.9999999999999937,1.0
HAR_subject,logistic,iid,32,uplink_bytes,estimated_conditional,fixed_k,12,-0.0017487834549878196,-0.006026409289811687,0.002528842379836048,0.3874962761872012,1.0
HAR_subject,logistic,iid,32,uplink_bytes,mean_length,fixed_k,12,-0.0007603406326033938,-0.0031420379354890975,0.0016213566702823101,0.4968749526618153,1.0
HAR_subject,logistic,iid,32,uplink_bytes,naive,fixed_k,12,-0.015358880778588787,-0.01929718189844518,-0.011420579658732395,3.3240207541864607e-06,0.00042879867729005345
HAR_subject,logistic,iid,128,sim_seconds,client_ema,fixed_k,12,0.001976885644768852,0.0005604655471372654,0.003393305742400438,0.010623884186040336,1.0
HAR_subject,logistic,iid,128,sim_seconds,conditional,fixed_k,12,0.0009884428223844166,-0.0012011034696736284,0.0031779891144424616,0.3417686682015613,1.0
HAR_subject,logistic,iid,128,sim_seconds,estimated_conditional,fixed_k,12,0.0012165450121654302,-0.0018741801402162577,0.004307270164547118,0.40480798364456727,1.0
HAR_subject,logistic,iid,128,sim_seconds,mean_length,fixed_k,12,0.00045620437956202703,-0.0011927726197576906,0.002105181378881745,0.5549427659576273,1.0
HAR_subject,logistic,iid,128,sim_seconds,naive,fixed_k,12,-0.007907542579075453,-0.012803776930355209,-0.0030113082277956954,0.00451507930710655,0.5056888823959336
HAR_subject,logistic,iid,128,total_wire_bytes,client_ema,fixed_k,12,0.0020529197080291863,0.00015219084631583508,0.003953648569742538,0.0366810639026009,1.0
HAR_subject,logistic,iid,128,total_wire_bytes,conditional,fixed_k,12,0.0015206812652068153,-0.00023304755360779384,0.0032744100840214245,0.08275028812093868,1.0
HAR_subject,logistic,iid,128,total_wire_bytes,estimated_conditional,fixed_k,12,0.001368613138686109,-0.0019060991750256499,0.004643325452397868,0.37737386857527255,1.0
HAR_subject,logistic,iid,128,total_wire_bytes,mean_length,fixed_k,12,0.0012165450121654486,-0.0008268432560842266,0.003259933280415124,0.2167714116992455,1.0
HAR_subject,logistic,iid,128,total_wire_bytes,naive,fixed_k,12,-0.008363746958637489,-0.01335576276670189,-0.003371731150573089,0.0035781865834715234,0.4114914570992252
HAR_subject,logistic,iid,128,uplink_bytes,client_ema,fixed_k,12,0.0020529197080291863,0.00015219084631583508,0.003953648569742538,0.0366810639026009,1.0
HAR_subject,logistic,iid,128,uplink_bytes,conditional,fixed_k,12,0.0015206812652068153,-0.00023304755360779384,0.0032744100840214245,0.08275028812093868,1.0
HAR_subject,logistic,iid,128,uplink_bytes,estimated_conditional,fixed_k,12,-0.0006843065693430775,-0.0033018013266562763,0.0019331881879701214,0.5765911898386025,1.0
HAR_subject,logistic,iid,128,uplink_bytes,mean_length,fixed_k,12,0.0012165450121654486,-0.0008268432560842266,0.003259933280415124,0.2167714116992455,1.0
HAR_subject,logistic,iid,128,uplink_bytes,naive,fixed_k,12,-0.008363746958637489,-0.01335576276670189,-0.003371731150573089,0.0035781865834715234,0.4114914570992252
HAR_subject,logistic,iid,512,sim_seconds,client_ema,fixed_k,12,0.0011405109489051046,-0.0008543308545244238,0.003135352752334633,0.23431167901848204,1.0
HAR_subject,logistic,iid,512,sim_seconds,conditional,fixed_k,12,0.0009884428223844166,-0.0006597620031634905,0.002636647647932324,0.21366080050278916,1.0
HAR_subject,logistic,iid,512,sim_seconds,estimated_conditional,fixed_k,12,0.000988442822384426,-0.0008357332944490879,0.0028126189392179398,0.2581097678754926,1.0
HAR_subject,logistic,iid,512,sim_seconds,mean_length,fixed_k,12,0.0009884428223844073,-0.001011497626558734,0.002988383271327549,0.2999408424668096,1.0
HAR_subject,logistic,iid,512,sim_seconds,naive,fixed_k,12,-0.004790145985401478,-0.0076953105480475886,-0.001884981422755368,0.003963100673122885,0.44783037606288606
HAR_subject,logistic,iid,512,total_wire_bytes,client_ema,fixed_k,12,-0.00038017031630170156,-0.0023493208762299187,0.0015889802436265157,0.6790814039236719,1.0
HAR_subject,logistic,iid,512,total_wire_bytes,conditional,fixed_k,12,-0.0005322384428223895,-0.002045133546976309,0.0009806566613315302,0.4550688471093372,1.0
HAR_subject,logistic,iid,512,total_wire_bytes,estimated_conditional,fixed_k,12,-1.850371707708594e-17,-0.0021691019013986876,0.0021691019013986503,0.9999999999999853,1.0
HAR_subject,logistic,iid,512,total_wire_bytes,mean_length,fixed_k,12,0.00015206812652066026,-0.0014275132672631043,0.0017316495203044248,0.836066735862825,1.0
HAR_subject,logistic,iid,512,total_wire_bytes,naive,fixed_k,12,-0.006310827250608293,-0.00973118654657058,-0.0028904679546460075,0.0018800403624378546,0.22184476276766685
HAR_subject,logistic,iid,512,uplink_bytes,client_ema,fixed_k,12,-0.00038017031630170156,-0.0023493208762299187,0.0015889802436265157,0.6790814039236719,1.0
HAR_subject,logistic,iid,512,uplink_bytes,conditional,fixed_k,12,-0.0005322384428223895,-0.002045133546976309,0.0009806566613315302,0.4550688471093372,1.0
HAR_subject,logistic,iid,512,uplink_bytes,estimated_conditional,fixed_k,12,7.603406326031625e-05,-0.0019085711527693553,0.002060639279289988,0.9343139246353893,1.0
HAR_subject,logistic,iid,512,uplink_bytes,mean_length,fixed_k,12,0.00015206812652066026,-0.0014275132672631043,0.0017316495203044248,0.836066735862825,1.0
HAR_subject,logistic,iid,512,uplink_bytes,naive,fixed_k,12,-0.006310827250608293,-0.00973118654657058,-0.0028904679546460075,0.0018800403624378546,0.22184476276766685
PAMAP2_subject,logistic,iid,32,sim_seconds,client_ema,fixed_k,12,-0.0024334016393442737,-0.007920745651603271,0.003053942372914723,0.35002013978327096,1.0
PAMAP2_subject,logistic,iid,32,sim_seconds,conditional,fixed_k,12,-0.002689549180327886,-0.007882912884678864,0.002503814524023092,0.2785606646343205,1.0
PAMAP2_subject,logistic,iid,32,sim_seconds,estimated_conditional,fixed_k,12,-0.008709016393442645,-0.016841107489690615,-0.0005769252971946741,0.03800580210939835,1.0
PAMAP2_subject,logistic,iid,32,sim_seconds,mean_length,fixed_k,12,-0.0045679644808743385,-0.010052382299611147,0.0009164533378624709,0.09395098283824968,1.0
PAMAP2_subject,logistic,iid,32,sim_seconds,naive,fixed_k,12,-0.06207308743169402,-0.06937365849760968,-0.05477251636577836,1.0890463438769626e-09,1.4702125642338995e-07
PAMAP2_subject,logistic,iid,32,total_wire_bytes,client_ema,fixed_k,12,-0.0029883879781420577,-0.008789230405726097,0.0028124544494419813,0.2809561094302324,1.0
PAMAP2_subject,logistic,iid,32,total_wire_bytes,conditional,fixed_k,12,-0.004055669398907086,-0.010457377457388237,0.0023460386595740654,0.19072288825584638,1.0
PAMAP2_subject,logistic,iid,32,total_wire_bytes,estimated_conditional,fixed_k,12,-0.0024334016393442737,-0.010694895233376925,0.0058280919546883775,0.530094703531448,1.0
PAMAP2_subject,logistic,iid,32,total_wire_bytes,mean_length,fixed_k,12,-0.005592554644808743,-0.011268562485157712,8.345319554022446e-05,0.052903726843745606,1.0
PAMAP2_subject,logistic,iid,32,total_wire_bytes,naive,fixed_k,12,-0.06463456284153007,-0.07444849603064865,-0.054820629652411496,1.6326179149472444e-08,2.1877080060293076e-06
PAMAP2_subject,logistic,iid,32,uplink_bytes,client_ema,fixed_k,12,-0.0029883879781420577,-0.008789230405726097,0.0028124544494419813,0.2809561094302324,1.0
PAMAP2_subject,logistic,iid,32,uplink_bytes,conditional,fixed_k,12,-0.004055669398907086,-0.010457377457388237,0.0023460386595740654,0.19072288825584638,1.0
PAMAP2_subject,logistic,iid,32,uplink_bytes,estimated_conditional,fixed_k,12,-0.010288592896174878,-0.018546976975812215,-0.002030208816537543,0.01916051538191568,1.0
PAMAP2_subject,logistic,iid,32,uplink_bytes,mean_length,fixed_k,12,-0.005592554644808743,-0.011268562485157712,8.345319554022446e-05,0.052903726843745606,1.0
PAMAP2_subject,logistic,iid,32,uplink_bytes,naive,fixed_k,12,-0.06463456284153007,-0.07444849603064865,-0.054820629652411496,1.6326179149472444e-08,2.1877080060293076e-06
PAMAP2_subject,logistic,iid,128,sim_seconds,client_ema,fixed_k,12,-0.0012807377049180262,-0.004486509068694231,0.0019250336588581792,0.39803237094224303,1.0
PAMAP2_subject,logistic,iid,128,sim_seconds,conditional,fixed_k,12,-0.0016222677595628305,-0.004244058599189321,0.0009995230800636595,0.20047164613831917,1.0
PAMAP2_subject,logistic,iid,128,sim_seconds,estimated_conditional,fixed_k,12,-0.0049094945355191155,-0.00821571890277579,-0.0016032701682624413,0.007487790264740015,0.8236569291214016
PAMAP2_subject,logistic,iid,128,sim_seconds,mean_length,fixed_k,12,-0.0015368852459016387,-0.004391421196472479,0.0013176507046692018,0.26098263621396783,1.0
PAMAP2_subject,logistic,iid,128,sim_seconds,naive,fixed_k,12,-0.026041666666666668,-0.032017530275111256,-0.02006580305822208,1.119781167151223e-06,0.000145571551729659
PAMAP2_subject,logistic,iid,128,total_wire_bytes,client_ema,fixed_k,12,-0.0019211065573770576,-0.0044957876602466735,0.0006535745454925585,0.1287848892912755,1.0
PAMAP2_subject,logistic,iid,128,total_wire_bytes,conditional,fixed_k,12,-0.001963797814207644,-0.0039110161791218205,-1.6579449293467738e-05,0.048388632945555135,1.0
PAMAP2_subject,logistic,iid,128,total_wire_bytes,estimated_conditional,fixed_k,12,-0.004183743169398901,-0.007464745091440159,-0.0009027412473576438,0.01707298900791597,1.0
PAMAP2_subject,logistic,iid,128,total_wire_bytes,mean_length,fixed_k,12,-0.001921106557377067,-0.004067344284768222,0.00022513117001408825,0.0745176065561603,1.0
PAMAP2_subject,logistic,iid,128,total_wire_bytes,naive,fixed_k,12,-0.027578551912568295,-0.03376817962648379,-0.021388924198652796,8.981849063721162e-07,0.00011856040764111934
PAMAP2_subject,logistic,iid,128,uplink_bytes,client_ema,fixed_k,12,-0.0019211065573770576,-0.0044957876602466735,0.0006535745454925585,0.1287848892912755,1.0
PAMAP2_subject,logistic,iid,128,uplink_bytes,conditional,fixed_k,12,-0.001963797814207644,-0.0039110161791218205,-1.6579449293467738e-05,0.048388632945555135,1.0
PAMAP2_subject,logistic,iid,128,uplink_bytes,estimated_conditional,fixed_k,12,-0.005763319672131145,-0.009097585926847923,-0.002429053417414368,0.0029207929033181457,0.3388119767849049
PAMAP2_subject,logistic,iid,128,uplink_bytes,mean_length,fixed_k,12,-0.001921106557377067,-0.004067344284768222,0.00022513117001408825,0.0745176065561603,1.0
PAMAP2_subject,logistic,iid,128,uplink_bytes,naive,fixed_k,12,-0.027578551912568295,-0.03376817962648379,-0.021388924198652796,8.981849063721162e-07,0.00011856040764111934
PAMAP2_subject,logistic,iid,512,sim_seconds,client_ema,fixed_k,12,-0.000512295081967216,-0.0018792405844259706,0.0008546504204915386,0.4269706195552354,1.0
PAMAP2_subject,logistic,iid,512,sim_seconds,conditional,fixed_k,12,-0.00021345628415298892,-0.001179617433178458,0.0007527048648724801,0.6363192755131282,1.0
PAMAP2_subject,logistic,iid,512,sim_seconds,estimated_conditional,fixed_k,12,-0.0025187841530054655,-0.004688824239581496,-0.0003487440664294351,0.026769991839114313,1.0
PAMAP2_subject,logistic,iid,512,sim_seconds,mean_length,fixed_k,12,-0.00012807377049179705,-0.0011107094426933443,0.0008545619017097502,0.7795435169639386,1.0
PAMAP2_subject,logistic,iid,512,sim_seconds,naive,fixed_k,12,-0.014472336065573752,-0.019096692220178554,-0.009847979910968948,2.6281961459627355e-05,0.0032852451824534196
PAMAP2_subject,logistic,iid,512,total_wire_bytes,client_ema,fixed_k,12,0.00017076502732240226,-0.0013453991079904655,0.0016869291626352698,0.8087813623262057,1.0
PAMAP2_subject,logistic,iid,512,total_wire_bytes,conditional,fixed_k,12,-0.00025614754098360337,-0.001192352703451705,0.0006800576214844982,0.5592535773457178,1.0
PAMAP2_subject,logistic,iid,512,total_wire_bytes,estimated_conditional,fixed_k,12,-0.001579576502732244,-0.003961222767241334,0.0008020697617768463,0.17231864912916456,1.0
PAMAP2_subject,logistic,iid,512,total_wire_bytes,mean_length,fixed_k,12,-0.00025614754098360337,-0.001501416818113737,0.0009891217361465302,0.6595386521859383,1.0
PAMAP2_subject,logistic,iid,512,total_wire_bytes,naive,fixed_k,12,-0.013661202185792346,-0.01819343098344325,-0.009128973388141441,3.688604963302938e-05,0.0045738701544956436
PAMAP2_subject,logistic,iid,512,uplink_bytes,client_ema,fixed_k,12,0.00017076502732240226,-0.0013453991079904655,0.0016869291626352698,0.8087813623262057,1.0
PAMAP2_subject,logistic,iid,512,uplink_bytes,conditional,fixed_k,12,-0.00025614754098360337,-0.001192352703451705,0.0006800576214844982,0.5592535773457178,1.0
PAMAP2_subject,logistic,iid,512,uplink_bytes,estimated_conditional,fixed_k,12,-0.0020918715846994693,-0.004152637170697372,-3.1105998701566346e-05,0.0471774957647583,1.0
PAMAP2_subject,logistic,iid,512,uplink_bytes,mean_length,fixed_k,12,-0.00025614754098360337,-0.001501416818113737,0.0009891217361465302,0.6595386521859383,1.0
PAMAP2_subject,logistic,iid,512,uplink_bytes,naive,fixed_k,12,-0.013661202185792346,-0.01819343098344325,-0.009128973388141441,3.688604963302938e-05,0.0045738701544956436
