study,run,model,method,k,seed,channel,family,parameter_count,backend
HAR_subject,033eb0c91649afe37fac,logistic,mean_length,512,11,iid,main,3372,torch-2.11.0+cu128-cuda-Tesla T4
HAR_subject,041e60e9fd7dc1de92a3,logistic,mean_length,512,149,iid,main,3372,torch-2.11.0+cu128-cuda-Tesla T4
HAR_subject,074b82e3022940d78d62,logistic,estimated_conditional,32,149,iid,main,3372,torch-2.11.0+cu128-cuda-Tesla T4
HAR_subject,07677bfc72bf273d59cd,logistic,fixed_k,128,101,iid,main,3372,torch-2.11.0+cu128-cuda-Tesla T4
HAR_subject,07c9ab1decbf99f2ae86,logistic,naive,128,149,iid,main,3372,torch-2.11.0+cu128-cuda-Tesla T4
HAR_subject,08e7b6b5b534be48e893,logistic,estimated_conditional,32,67,iid,main,3372,torch-2.11.0+cu128-cuda-Tesla T4
HAR_subject,09de6e5cf71851070f65,logistic,naive,128,113,iid,main,3372,torch-2.11.0+cu128-cuda-Tesla T4
HAR_subject,0a99d56f814331d849e0,logistic,client_ema,32,149,iid,main,3372,torch-2.11.0+cu128-cuda-Tesla T4
HAR_subject,0a9c300a3315783aff58,logistic,fixed_k,512,11,iid,main,3372,torch-2.11.0+cu128-cuda-Tesla T4
HAR_subject,0b235c1840e4110b8eee,logistic,conditional,512,47,iid,main,3372,torch-2.11.0+cu128-cuda-Tesla T4
HAR_subject,0cc70719d28d1901a9ad,logistic,estimated_conditional,32,113,iid,main,3372,torch-2.11.0+cu128-cuda-Tesla T4
HAR_subject,0d2784af4207836beb21,logistic,fixed_k,32,11,iid,main,3372,torch-2.11.0+cu128-cuda-Tesla T4
HAR_subject,0ecf12d8f9b9292ffc2b,logistic,conditional,128,149,iid,main,3372,torch-2.11.0+cu128-cuda-Tesla T4
HAR_subject,0fc06c3c1cd9983352bb,logistic,naive,32,47,iid,main,3372,torch-2.11.0+cu128-cuda-Tesla T4
HAR_subject,1045995fa2e13c581e1d,logistic,mean_length,128,47,iid,main,3372,torch-2.11.0+cu128-cuda-Tesla T4
HAR_subject,11ee2c251bf04f974e06,logistic,conditional,128,47,iid,main,3372,torch-2.11.0+cu128-cuda-Tesla T4
HAR_subject,14d6c968fc5f692e3489,logistic,conditional,128,101,markov,channel_robustness,3372,torch-2.11.0+cu128-cuda-Tesla T4
HAR_subject,1701bb87ac0a7ecb114d,logistic,naive,32,67,iid,main,3372,torch-2.11.0+cu128-cuda-Tesla T4
HAR_subject,17b522609cbb00e42fea,logistic,conditional,512,23,iid,main,3372,torch-2.11.0+cu128-cuda-Tesla T4
HAR_subject,18166110ef08367a118e,logistic,mean_length,32,101,iid,main,3372,torch-2.11.0+cu128-cuda-Tesla T4
HAR_subject,1819ce7e23991d987294,logistic,client_ema,512,23,iid,main,3372,torch-2.11.0+cu128-cuda-Tesla T4
HAR_subject,1925f0c6b4ea4c6b1dc0,logistic,estimated_conditional,512,23,iid,main,3372,torch-2.11.0+cu128-cuda-Tesla T4
HAR_subject,1967ca06181257143a2f,logistic,conditional,32,101,iid,main,3372,torch-2.11.0+cu128-cuda-Tesla T4
HAR_subject,1a8936cad7d17bce8d4f,logistic,client_ema,512,101,iid,main,3372,torch-2.11.0+cu128-cuda-Tesla T4
HAR_subject,1ab76a6ef993ddd5373d,mlp,conditional,128,23,iid,mlp_robustness,80582,torch-2.11.0+cu128-cuda-Tesla T4
HAR_subject,1ac88f3a5110bf7ed576,mlp,conditional,128,11,iid,mlp_robustness,80582,torch-2.11.0+cu128-cuda-Tesla T4
HAR_subject,1b0b0cfdeb97b0573faf,logistic,estimated_conditional,512,67,iid,main,3372,torch-2.11.0+cu128-cuda-Tesla T4
HAR_subject,1ca542a5528be81b5c6a,logistic,mean_length,32,59,iid,main,3372,torch-2.11.0+cu128-cuda-Tesla T4
HAR_subject,1d3049e33ec54f3ce959,logistic,conditional,32,149,iid,main,3372,torch-2.11.0+cu128-cuda-Tesla T4
HAR_subject,1d82b76f082a3fbb1615,logistic,estimated_conditional,512,113,iid,main,3372,torch-2.11.0+cu128-cuda-Tesla T4
HAR_subject,1ed6eb121b96b95ddde6,logistic,fixed_k,128,137,iid,main,3372,torch-2.11.0+cu128-cuda-Tesla T4
HAR_subject,1f0052d4d6676a04b2b8,logistic,mean_length,128,83,iid,main,3372,torch-2.11.0+cu128-cuda-Tesla T4
HAR_subject,1f48cbb3abc87a0e5e59,logistic,conditional,512,67,iid,main,3372,torch-2.11.0+cu128-cuda-Tesla T4
HAR_subject,20e9fc3ff13378704da4,logistic,conditional,128,97,iid,main,3372,torch-2.11.0+cu128-cuda-Tesla T4
HAR_subject,21fbb7863bb5c4d33ba3,logistic,conditional,32,47,iid,main,3372,torch-2.11.0+cu128-cuda-Tesla T4
HAR_subject,221d6464e08661fc19b7,logistic,conditional,512,11,iid,main,3372,torch-2.11.0+cu128-cuda-Tesla T4
HAR_subject,22224d20b2a17f81e8a3,logistic,conditional,128,127,markov,channel_robustness,3372,torch-2.11.0+cu128-cuda-Tesla T4
HAR_subject,225b447e7bf8dcf8d5dc,logistic,conditional,128,97,markov,channel_robustness,3372,torch-2.11.0+cu128-cuda-Tesla T4
HAR_subject,23ab6c79d1a0f321ffee,logistic,estimated_conditional,32,137,iid,main,3372,torch-2.11.0+cu128-cuda-Tesla T4
HAR_subject,23bf9f885e70f26479b6,logistic,estimated_conditional,128,101,iid,main,3372,torch-2.11.0+cu128-cuda-Tesla T4
HAR_subject,242f3f8a77e1d1f1063b,logistic,fixed_k,512,47,iid,main,3372,torch-2.11.0+cu128-cuda-Tesla T4
HAR_subject,248ac158fe9a2db422ed,logistic,client_ema,32,83,iid,main,3372,torch-2.11.0+cu128-cuda-Tesla T4
HAR_subject,24b5dcdb10c417e0ec9f,logistic,mean_length,512,127,iid,main,3372,torch-2.11.0+cu128-cuda-Tesla T4
HAR_subject,2767879100e2b591a80d,logistic,fixed_k,512,59,iid,main,3372,torch-2.11.0+cu128-cuda-Tesla T4
HAR_subject,281efa092c75f62f9cac,logistic,client_ema,128,97,iid,main,3372,torch-2.11.0+cu128-cuda-Tesla T4
HAR_subject,298e7bee023bee0c1395,logistic,conditional,32,67,iid,main,3372,torch-2.11.0+cu128-cuda-Tesla T4
HAR_subject,2a266fc29c967f4699d6,logistic,naive,32,127,iid,main,3372,torch-2.11.0+cu128-cuda-Tesla T4
HAR_subject,2b57609ae4c2b35c3b67,logistic,fixed_k,128,47,markov,channel_robustness,3372,torch-2.11.0+cu128-cuda-Tesla T4
HAR_subject,2c36ce745670087a9269,logistic,naive,32,23,iid,main,3372,torch-2.11.0+cu128-cuda-Tesla T4
HAR_subject,2ce4f2d2eb88ba2f0778,logistic,fixed_k,32,137,iid,main,3372,torch-2.11.0+cu128-cuda-Tesla T4
HAR_subject,2dce6a97774c2ab9ba9d,logistic,client_ema,128,47,iid,main,3372,torch-2.11.0+cu128-cuda-Tesla T4
HAR_subject,319c0de9fd6f655de104,logistic,estimated_conditional,512,59,iid,main,3372,torch-2.11.0+cu128-cuda-Tesla T4
HAR_subject,31aa5ee51ae6b95a0794,logistic,client_ema,128,137,iid,main,3372,torch-2.11.0+cu128-cuda-Tesla T4
HAR_subject,33846819bf1975011aca,logistic,mean_length,128,149,iid,main,3372,torch-2.11.0+cu128-cuda-Tesla T4
HAR_subject,34aa74a3b149dbb139e3,logistic,fixed_k,512,149,iid,main,3372,torch-2.11.0+cu128-cuda-Tesla T4
HAR_subject,37d7b518e46e140deaee,logistic,conditional,32,59,iid,main,3372,torch-2.11.0+cu128-cuda-Tesla T4
HAR_subject,38e7e6e138da846f09a6,mlp,fixed_k,128,23,iid,mlp_robustness,80582,torch-2.11.0+cu128-cuda-Tesla T4
HAR_subject,38f85651f76d5148d67a,logistic,fixed_k,128,97,iid,main,3372,torch-2.11.0+cu128-cuda-Tesla T4
HAR_subject,3a1275aaed7d9678b6a5,logistic,client_ema,32,97,iid,main,3372,torch-2.11.0+cu128-cuda-Tesla T4
HAR_subject,3a6e4607921b98b84d83,logistic,mean_length,128,23,iid,main,3372,torch-2.11.0+cu128-cuda-Tesla T4
HAR_subject,3a8c324e2318bbef2592,logistic,conditional,128,47,markov,channel_robustness,3372,torch-2.11.0+cu128-cuda-Tesla T4
HAR_subject,3bab668da48d845e16cf,logistic,mean_length,128,67,iid,main,3372,torch-2.11.0+cu128-cuda-Tesla T4
HAR_subject,3c4b1fafc39744758eff,logistic,fixed_k,128,127,iid,main,3372,torch-2.11.0+cu128-cuda-Tesla T4
HAR_subject,3d1ab97fe8ad816a22c6,mlp,fixed_k,128,83,iid,mlp_robustness,80582,torch-2.11.0+cu128-cuda-Tesla T4
HAR_subject,3dad96d4daf0037a72f6,logistic,naive,32,83,iid,main,3372,torch-2.11.0+cu128-cuda-Tesla T4
HAR_subject,3f48346ad667b73ad81c,logistic,estimated_conditional,512,97,iid,main,3372,torch-2.11.0+cu128-cuda-Tesla T4
HAR_subject,40413d9a6f6b96b7feea,logistic,mean_length,128,127,iid,main,3372,torch-2.11.0+cu128-cuda-Tesla T4
HAR_subject,4078edea7bcd2ecfb710,logistic,naive,32,59,iid,main,3372,torch-2.11.0+cu128-cuda-Tesla T4
HAR_subject,40908080e3b93dbea465,logistic,conditional,128,11,iid,main,3372,torch-2.11.0+cu128-cuda-Tesla T4
HAR_subject,40f425a1eb278cb369ac,logistic,fixed_k,512,67,iid,main,3372,torch-2.11.0+cu128-cuda-Tesla T4
HAR_subject,4144940b761feb13456f,logistic,mean_length,512,67,iid,main,3372,torch-2.11.0+cu128-cuda-Tesla T4
HAR_subject,4251b01d75ff64a64d8b,logistic,mean_length,512,113,iid,main,3372,torch-2.11.0+cu128-cuda-Tesla T4
HAR_subject,42676ed7a930041a7fb0,logistic,fixed_k,512,113,iid,main,3372,torch-2.11.0+cu128-cuda-Tesla T4
HAR_subject,427503680536cf571326,logistic,client_ema,32,113,iid,main,3372,torch-2.11.0+cu128-cuda-Tesla T4
HAR_subject,42aaa6aea529914c809a,logistic,fixed_k,128,11,markov,channel_robustness,3372,torch-2.11.0+cu128-cuda-Tesla T4
HAR_subject,433c96a05a7cb81bfbc6,logistic,estimated_conditional,128,137,iid,main,3372,torch-2.11.0+cu128-cuda-Tesla T4
HAR_subject,437551de6e187a63821b,logistic,client_ema,128,11,iid,main,3372,torch-2.11.0+cu128-cuda-Tesla T4
HAR_subject,44d93040ba6ae4f68e94,logistic,conditional,512,113,iid,main,3372,torch-2.11.0+cu128-cuda-Tesla T4
HAR_subject,463f6509fff6586fa964,logistic,mean_length,512,101,iid,main,3372,torch-2.11.0+cu128-cuda-Tesla T4
HAR_subject,466f6dabb83e41e6ed62,logistic,fixed_k,128,83,markov,channel_robustness,3372,torch-2.11.0+cu128-cuda-Tesla T4
HAR_subject,46a0c35cc2dc453ec681,logistic,mean_length,512,23,iid,main,3372,torch-2.11.0+cu128-cuda-Tesla T4
HAR_subject,47d38524ffb0a55430ed,logistic,client_ema,128,101,iid,main,3372,torch-2.11.0+cu128-cuda-Tesla T4
HAR_subject,486921bf6945961365e3,mlp,conditional,128,59,iid,mlp_robustness,80582,torch-2.11.0+cu128-cuda-Tesla T4
HAR_subject,4981a64c00fcfea179fb,logistic,naive,512,67,iid,main,3372,torch-2.11.0+cu128-cuda-Tesla T4
HAR_subject,4a171878396b803de049,logistic,fixed_k,32,113,iid,main,3372,torch-2.11.0+cu128-cuda-Tesla T4
HAR_subject,4ac3f7028d0e8715d049,mlp,conditional,128,149,iid,mlp_robustness,80582,torch-2.11.0+cu128-cuda-Tesla T4
HAR_subject,4b72ac5a8ce2b170819f,logistic,estimated_conditional,512,101,iid,main,3372,torch-2.11.0+cu128-cuda-Tesla T4
HAR_subject,4d8f5141d5566f0c29be,logistic,naive,512,101,iid,main,3372,torch-2.11.0+cu128-cuda-Tesla T4
HAR_subject,4e2783e7957fba330415,logistic,estimated_conditional,512,11,iid,main,3372,torch-2.11.0+cu128-cuda-Tesla T4
HAR_subject,4f23a1768d0e8155e664,logistic,fixed_k,128,59,iid,main,3372,torch-2.11.0+cu128-cuda-Tesla T4
HAR_subject,4f78a2c0ac1a2a51c78f,logistic,client_ema,32,47,iid,main,3372,torch-2.11.0+cu128-cuda-Tesla T4
HAR_subject,4f9c74c38d3d263393af,logistic,naive,128,137,iid,main,3372,torch-2.11.0+cu128-cuda-Tesla T4
HAR_subject,4fe0be3136a2132ae8c8,mlp,fixed_k,128,47,iid,mlp_robustness,80582,torch-2.11.0+cu128-cuda-Tesla T4
HAR_subject,5051af2b852633425b03,logistic,estimated_conditional,32,11,iid,main,3372,torch-2.11.0+cu128-cuda-Tesla T4
HAR_subject,50a3a76c0d4b8c9ada6d,logistic,client_ema,128,149,iid,main,3372,torch-2.11.0+cu128-cuda-Tesla T4
HAR_subject,533143a2520ec02c6706,logistic,naive,128,67,iid,main,3372,torch-2.11.0+cu128-cuda-Tesla T4
HAR_subject,546beb6a3d76c197926e,mlp,conditional,128,47,iid,mlp_robustness,80582,torch-2.11.0+cu128-cuda-Tesla T4
HAR_subject,55231a478fc3adf01f6e,logistic,naive,512,59,iid,main,3372,torch-2.11.0+cu128-cuda-Tesla T4
HAR_subject,556379a89c984e79b232,mlp,fixed_k,128,67,iid,mlp_robustness,80582,torch-2.11.0+cu128-cuda-Tesla T4
HAR_subject,559f872e78b4ff740d36,mlp,conditional,128,113,iid,mlp_robustness,80582,torch-2.11.0+cu128-cuda-Tesla T4
HAR_subject,5810c5606147cd13b5c1,logistic,naive,512,97,iid,main,3372,torch-2.11.0+cu128-cuda-Tesla T4
HAR_subject,5837dce5e21f3b21120d,mlp,fixed_k,128,113,iid,mlp_robustness,80582,torch-2.11.0+cu128-cuda-Tesla T4
HAR_subject,58acdf9c4047ab1337af,logistic,naive,128,83,iid,main,3372,torch-2.11.0+cu128-cuda-Tesla T4
HAR_subject,59139972f5aa0004eae0,logistic,estimated_conditional,128,47,iid,main,3372,torch-2.11.0+cu128-cuda-Tesla T4
HAR_subject,5930a7cd7521119186c4,logistic,client_ema,512,47,iid,main,3372,torch-2.11.0+cu128-cuda-Tesla T4
HAR_subject,5a8add2b71244d3b1f54,logistic,fixed_k,128,127,markov,channel_robustness,3372,torch-2.11.0+cu128-cuda-Tesla T4
HAR_subject,5c7321c8e6c9ed1dbea1,logistic,fixed_k,128,67,iid,main,3372,torch-2.11.0+cu128-cuda-Tesla T4
HAR_subject,5e0b3663952c4acc1ea8,logistic,fixed_k,128,23,markov,channel_robustness,3372,torch-2.11.0+cu128-cuda-Tesla T4
HAR_subject,5e3f1633f449473c868b,logistic,estimated_conditional,128,67,iid,main,3372,torch-2.11.0+cu128-cuda-Tesla T4
HAR_subject,5ea3b7efbc87008fbce7,logistic,fixed_k,512,83,iid,main,3372,torch-2.11.0+cu128-cuda-Tesla T4
HAR_subject,5eaeed68553b0e44cae2,logistic,client_ema,128,59,iid,main,3372,torch-2.11.0+cu128-cuda-Tesla T4
HAR_subject,5f09dfa06157e9d0f9d1,logistic,mean_length,32,137,iid,main,3372,torch-2.11.0+cu128-cuda-Tesla T4
HAR_subject,5f57cfc9cece3c72b6f9,logistic,fixed_k,512,127,iid,main,3372,torch-2.11.0+cu128-cuda-Tesla T4
HAR_subject,61f92070edab2b365d8c,logistic,estimated_conditional,128,113,iid,main,3372,torch-2.11.0+cu128-cuda-Tesla T4
HAR_subject,6507643272ebac050ecd,mlp,fixed_k,128,149,iid,mlp_robustness,80582,torch-2.11.0+cu128-cuda-Tesla T4
HAR_subject,667987879b1a64144cb3,logistic,estimated_conditional,32,101,iid,main,3372,torch-2.11.0+cu128-cuda-Tesla T4
HAR_subject,66c0ffcef688ed74eb98,logistic,conditional,512,59,iid,main,3372,torch-2.11.0+cu128-cuda-Tesla T4
HAR_subject,685aa85ecbbdc13a4086,logistic,conditional,32,137,iid,main,3372,torch-2.11.0+cu128-cuda-Tesla T4
HAR_subject,69fdc338ede22d02ab45,logistic,estimated_conditional,512,47,iid,main,3372,torch-2.11.0+cu128-cuda-Tesla T4
HAR_subject,6a6dad56d1c13610be35,logistic,estimated_conditional,512,137,iid,main,3372,torch-2.11.0+cu128-cuda-Tesla T4
HAR_subject,6c71a691b25fe8dff56c,logistic,naive,32,137,iid,main,3372,torch-2.11.0+cu128-cuda-Tesla T4
HAR_subject,6e6ea87d86494dfb3153,logistic,fixed_k,512,23,iid,main,3372,torch-2.11.0+cu128-cuda-Tesla T4
HAR_subject,6f1137f22a5729ee8cbf,logistic,mean_length,512,83,iid,main,3372,torch-2.11.0+cu128-cuda-Tesla T4
HAR_subject,70ed7ee4921d4b017b29,logistic,naive,32,113,iid,main,3372,torch-2.11.0+cu128-cuda-Tesla T4
HAR_subject,7120c1fc5b720eb500b8,logistic,conditional,128,67,iid,main,3372,torch-2.11.0+cu128-cuda-Tesla T4
HAR_subject,728211a21d393dadef8a,mlp,fixed_k,128,59,iid,mlp_robustness,80582,torch-2.11.0+cu128-cuda-Tesla T4
HAR_subject,72b39582c881d7544c1f,logistic,naive,128,59,iid,main,3372,torch-2.11.0+cu128-cuda-Tesla T4
HAR_subject,7390fe2163d6bd6e74ae,logistic,conditional,512,83,iid,main,3372,torch-2.11.0+cu128-cuda-Tesla T4
HAR_subject,74690248639fcbb08702,logistic,mean_length,512,59,iid,main,3372,torch-2.11.0+cu128-cuda-Tesla T4
HAR_subject,77808b58e1e889979f73,mlp,conditional,128,67,iid,mlp_robustness,80582,torch-2.11.0+cu128-cuda-Tesla T4
HAR_subject,796fdfd52b7d524e71e2,logistic,client_ema,512,149,iid,main,3372,torch-2.11.0+cu128-cuda-Tesla T4
HAR_subject,798dde6a3ef37e6a62d7,logistic,fixed_k,32,97,iid,main,3372,torch-2.11.0+cu128-cuda-Tesla T4
HAR_subject,7a3d236e3ec4421274ce,logistic,mean_length,32,83,iid,main,3372,torch-2.11.0+cu128-cuda-Tesla T4
HAR_subject,7cd26ba394d674bc62d0,logistic,naive,128,127,iid,main,3372,torch-2.11.0+cu128-cuda-Tesla T4
HAR_subject,7d105d34c17eb9bd2306,logistic,fixed_k,32,59,iid,main,3372,torch-2.11.0+cu128-cuda-Tesla T4
HAR_subject,7d5524e6ed7c87e445a8,logistic,estimated_conditional,128,149,iid,main,3372,torch-2.11.0+cu128-cuda-Tesla T4
HAR_subject,7d9f1affef2412b5e6ed,logistic,naive,512,83,iid,main,3372,torch-2.11.0+cu128-cuda-Tesla T4
HAR_subject,7ddb088798ff284e1fbd,logistic,fixed_k,512,97,iid,main,3372,torch-2.11.0+cu128-cuda-Tesla T4
HAR_subject,802c2c8caec4e6abdf33,logistic,client_ema,32,59,iid,main,3372,torch-2.11.0+cu128-cuda-Tesla T4
HAR_subject,803505c154150ecb8858,logistic,mean_length,32,47,iid,main,3372,torch-2.11.0+cu128-cuda-Tesla T4
HAR_subject,80effc77d58ed8991ac6,logistic,client_ema,512,127,iid,main,3372,torch-2.11.0+cu128-cuda-Tesla T4
HAR_subject,80ff3942746716d566e6,logistic,conditional,32,97,iid,main,3372,torch-2.11.0+cu128-cuda-Tesla T4
HAR_subject,82eef1d51f1743fbcd79,logistic,fixed_k,128,97,markov,channel_robustness,3372,torch-2.11.0+cu128-cuda-Tesla T4
HAR_subject,82f51e35c42df34d699e,logistic,fixed_k,128,113,iid,main,3372,torch-2.11.0+cu128-cuda-Tesla T4
HAR_subject,840058b250f05133f24e,logistic,mean_length,32,67,iid,main,3372,torch-2.11.0+cu128-cuda-Tesla T4
HAR_subject,86fa3c074c8f2a46d004,logistic,client_ema,32,137,iid,main,3372,torch-2.11.0+cu128-cuda-Tesla T4
HAR_subject,87201bccb678f474cc69,mlp,conditional,128,127,iid,mlp_robustness,80582,torch-2.11.0+cu128-cuda-Tesla T4
HAR_subject,87277f58585497f8382c,logistic,estimated_conditional,32,23,iid,main,3372,torch-2.11.0+cu128-cuda-Tesla T4
HAR_subject,87476922c3835ecd6a49,logistic,mean_length,512,47,iid,main,3372,torch-2.11.0+cu128-cuda-Tesla T4
HAR_subject,8a5174c170700661c7ab,logistic,mean_length,128,101,iid,main,3372,torch-2.11.0+cu128-cuda-Tesla T4
HAR_subject,8b1c22e3ce8ab91ff1df,logistic,client_ema,512,11,iid,main,3372,torch-2.11.0+cu128-cuda-Tesla T4
HAR_subject,8bf708de84d2e5b1af7e,logistic,fixed_k,128,113,markov,channel_robustness,3372,torch-2.11.0+cu128-cuda-Tesla T4
HAR_subject,8cedc40233423c8bd45a,logistic,naive,32,11,iid,main,3372,torch-2.11.0+cu128-cuda-Tesla T4
HAR_subject,8d1051a08305d1ff5f82,logistic,conditional,128,113,iid,main,3372,torch-2.11.0+cu128-cuda-Tesla T4
HAR_subject,8e17d9f3ddc90635d621,logistic,conditional,128,137,iid,main,3372,torch-2.11.0+cu128-cuda-Tesla T4
HAR_subject,8ed79e7b5871412b4d02,logistic,mean_length,512,97,iid,main,3372,torch-2.11.0+cu128-cuda-Tesla T4
HAR_subject,90ce9cc30adfc97bd806,logistic,naive,512,47,iid,main,3372,torch-2.11.0+cu128-cuda-Tesla T4
HAR_subject,92bc4a1629592d34fced,logistic,estimated_conditional,128,59,iid,main,3372,torch-2.11.0+cu128-cuda-Tesla T4
HAR_subject,93b753d68a8017bbf4f5,logistic,client_ema,512,113,iid,main,3372,torch-2.11.0+cu128-cuda-Tesla T4
HAR_subject,945e24c74cfb8ecb2b2a,logistic,conditional,512,149,iid,main,3372,torch-2.11.0+cu128-cuda-Tesla T4
HAR_subject,95430eda1dee32c5f560,logistic,client_ema,32,101,iid,main,3372,torch-2.11.0+cu128-cuda-Tesla T4
HAR_subject,959ab0ed4cbef57048e4,logistic,conditional,128,137,markov,channel_robustness,3372,torch-2.11.0+cu128-cuda-Tesla T4
HAR_subject,9986269018584ed7b117,logistic,mean_length,32,127,iid,main,3372,torch-2.11.0+cu128-cuda-Tesla T4
HAR_subject,99a417659b88fdd79b9d,logistic,conditional,128,101,iid,main,3372,torch-2.11.0+cu128-cuda-Tesla T4
HAR_subject,9b8c60602722b6821fc1,mlp,fixed_k,128,11,iid,mlp_robustness,80582,torch-2.11.0+cu128-cuda-Tesla T4
HAR_subject,9e729a20fd055d97f367,logistic,conditional,128,127,iid,main,3372,torch-2.11.0+cu128-cuda-Tesla T4
HAR_subject,a036615bf3d8600fa982,logistic,estimated_conditional,128,97,iid,main,3372,torch-2.11.0+cu128-cuda-Tesla T4
HAR_subject,a1fb9a3520111cd4c8f9,logistic,naive,512,113,iid,main,3372,torch-2.11.0+cu128-cuda-Tesla T4
HAR_subject,a209e3d59d15bfbd52d9,logistic,conditional,512,101,iid,main,3372,torch-2.11.0+cu128-cuda-Tesla T4
HAR_subject,a2b40668f5571d060a5b,logistic,naive,32,149,iid,main,3372,torch-2.11.0+cu128-cuda-Tesla T4
HAR_subject,a2f1d11c302d4812f6a6,logistic,naive,512,127,iid,main,3372,torch-2.11.0+cu128-cuda-Tesla T4
HAR_subject,a3375f1c10413159faf9,logistic,mean_length,128,59,iid,main,3372,torch-2.11.0+cu128-cuda-Tesla T4
HAR_subject,a43ac78c8ca85c9a7f0e,logistic,fixed_k,128,59,markov,channel_robustness,3372,torch-2.11.0+cu128-cuda-Tesla T4
HAR_subject,a651038fe1f0f2560eec,logistic,naive,512,149,iid,main,3372,torch-2.11.0+cu128-cuda-Tesla T4
HAR_subject,a755f64ae09d234bcd44,logistic,conditional,128,23,iid,main,3372,torch-2.11.0+cu128-cuda-Tesla T4
HAR_subject,a7e07d5a28ab06171af8,logistic,client_ema,128,67,iid,main,3372,torch-2.11.0+cu128-cuda-Tesla T4
HAR_subject,a7e9a1cc3ddec7fb1906,logistic,conditional,512,97,iid,main,3372,torch-2.11.0+cu128-cuda-Tesla T4
HAR_subject,a80f0e5b2f03c71d0178,logistic,fixed_k,32,83,iid,main,3372,torch-2.11.0+cu128-cuda-Tesla T4
HAR_subject,aa7784f933625e3d53a4,logistic,estimated_conditional,512,127,iid,main,3372,torch-2.11.0+cu128-cuda-Tesla T4
HAR_subject,ab1919f071283349e2cc,logistic,conditional,128,59,iid,main,3372,torch-2.11.0+cu128-cuda-Tesla T4
HAR_subject,abe64eb686ab9b70b23b,logistic,conditional,32,11,iid,main,3372,torch-2.11.0+cu128-cuda-Tesla T4
HAR_subject,ad4edef13a0b942863de,logistic,fixed_k,32,23,iid,main,3372,torch-2.11.0+cu128-cuda-Tesla T4
HAR_subject,ad6b0ff8f9592cd5f6d5,logistic,client_ema,128,83,iid,main,3372,torch-2.11.0+cu128-cuda-Tesla T4
HAR_subject,aff169c5b3f75b4e1c89,mlp,conditional,128,83,iid,mlp_robustness,80582,torch-2.11.0+cu128-cuda-Tesla T4
HAR_subject,b016c3d4ca8ffd279c2b,logistic,estimated_conditional,32,127,iid,main,3372,torch-2.11.0+cu128-cuda-Tesla T4
HAR_subject,b0a1d10e36d07c5922c8,logistic,naive,128,23,iid,main,3372,torch-2.11.0+cu128-cuda-Tesla T4
HAR_subject,b1067031a20591f85e5e,logistic,client_ema,512,97,iid,main,3372,torch-2.11.0+cu128-cuda-Tesla T4
HAR_subject,b194749c4c2d5f424689,logistic,conditional,128,83,iid,main,3372,torch-2.11.0+cu128-cuda-Tesla T4
HAR_subject,b4c2ae3e51c293e2746a,logistic,mean_length,512,137,iid,main,3372,torch-2.11.0+cu128-cuda-Tesla T4
HAR_subject,b6836478b3ca02593d48,logistic,estimated_conditional,128,83,iid,main,3372,torch-2.11.0+cu128-cuda-Tesla T4
HAR_subject,b8b4cbc28dfdb49bf177,logistic,mean_length,128,137,iid,main,3372,torch-2.11.0+cu128-cuda-Tesla T4
HAR_subject,b8fd0b24037923719c05,logistic,estimated_conditional,32,97,iid,main,3372,torch-2.11.0+cu128-cuda-Tesla T4
HAR_subject,b92ecacc2500c4e1a750,logistic,naive,128,11,iid,main,3372,torch-2.11.0+cu128-cuda-Tesla T4
HAR_subject,b9fc398fba439969cde8,logistic,fixed_k,128,149,iid,main,3372,torch-2.11.0+cu128-cuda-Tesla T4
HAR_subject,bb7e45cb668a33d6a949,logistic,conditional,32,23,iid,main,3372,torch-2.11.0+cu128-cuda-Tesla T4
HAR_subject,bd95b11227ed76f87a87,logistic,conditional,128,113,markov,channel_robustness,3372,torch-2.11.0+cu128-cuda-Tesla T4
HAR_subject,be4a6efb8c2b095e3a85,logistic,client_ema,32,23,iid,main,3372,torch-2.11.0+cu128-cuda-Tesla T4
HAR_subject,c0799ea48f665dc13c26,logistic,mean_length,128,113,iid,main,3372,torch-2.11.0+cu128-cuda-Tesla T4
HAR_subject,c07d053eef31f28bc5e8,logistic,fixed_k,128,101,markov,channel_robustness,3372,torch-2.11.0+cu128-cuda-Tesla T4
HAR_subject,c0b85e40b9271a8fe8ba,logistic,conditional,128,59,markov,channel_robustness,3372,torch-2.11.0+cu128-cuda-Tesla T4
HAR_subject,c25721941ffb9f3c19a2,logistic,fixed_k,128,47,iid,main,3372,torch-2.11.0+cu128-cuda-Tesla T4
HAR_subject,c271077db644ae3b5e91,logistic,conditional,32,83,iid,main,3372,torch-2.11.0+cu128-cuda-Tesla T4
HAR_subject,c2ecf2df3edc98241461,logistic,mean_length,32,23,iid,main,3372,torch-2.11.0+cu128-cuda-Tesla T4
HAR_subject,c39a61b1f4b426e1e535,logistic,client_ema,512,137,iid,main,3372,torch-2.11.0+cu128-cuda-Tesla T4
HAR_subject,c3b35dd02bbbfaf7c7e8,logistic,fixed_k,128,11,iid,main,3372,torch-2.11.0+cu128-cuda-Tesla T4
HAR_subject,c47e88f162aa8ecb6d0f,logistic,mean_length,128,11,iid,main,3372,torch-2.11.0+cu128-cuda-Tesla T4
HAR_subject,c4b64308d562584d567b,logistic,naive,512,11,iid,main,3372,torch-2.11.0+cu128-cuda-Tesla T4
HAR_subject,c57aa1401d817297a216,logistic,conditional,512,137,iid,main,3372,torch-2.11.0+cu128-cuda-Tesla T4
HAR_subject,c5ac5a8153013a3679ce,logistic,client_ema,128,127,iid,main,3372,torch-2.11.0+cu128-cuda-Tesla T4
HAR_subject,c604cd9dcddfb3d8ef01,logistic,naive,128,101,iid,main,3372,torch-2.11.0+cu128-cuda-Tesla T4
HAR_subject,c7734dfe36cae52a2383,logistic,estimated_conditional,32,83,iid,main,3372,torch-2.11.0+cu128-cuda-Tesla T4
HAR_subject,c7d38efcaf85908f1fc4,mlp,conditional,128,137,iid,mlp_robustness,80582,torch-2.11.0+cu128-cuda-Tesla T4
HAR_subject,c8cefc6f47bee9239a97,logistic,client_ema,32,11,iid,main,3372,torch-2.11.0+cu128-cuda-Tesla T4
HAR_subject,c9ccb1ac888bb4a566a7,logistic,estimated_conditional,32,47,iid,main,3372,torch-2.11.0+cu128-cuda-Tesla T4
HAR_subject,cb01b640428fd61f165e,logistic,naive,32,101,iid,main,3372,torch-2.11.0+cu128-cuda-Tesla T4
HAR_subject,cbeaec9750508f6d25a6,logistic,fixed_k,32,67,iid,main,3372,torch-2.11.0+cu128-cuda-Tesla T4
HAR_subject,cbec0ebf391ea3fcf11f,logistic,estimated_conditional,512,83,iid,main,3372,torch-2.11.0+cu128-cuda-Tesla T4
HAR_subject,cc6c2ad6f55157520870,logistic,client_ema,128,23,iid,main,3372,torch-2.11.0+cu128-cuda-Tesla T4
HAR_subject,cdaa1c837bb785eb6c80,logistic,estimated_conditional,32,59,iid,main,3372,torch-2.11.0+cu128-cuda-Tesla T4
HAR_subject,cde81714e3a9cf7d20d4,logistic,client_ema,32,67,iid,main,3372,torch-2.11.0+cu128-cuda-Tesla T4
HAR_subject,ce160a2c12c00fa707d2,mlp,conditional,128,101,iid,mlp_robustness,80582,torch-2.11.0+cu128-cuda-Tesla T4
HAR_subject,ce3263bc9af1f9840b78,mlp,fixed_k,128,137,iid,mlp_robustness,80582,torch-2.11.0+cu128-cuda-Tesla T4
HAR_subject,cfcfaa886d2efe8891db,logistic,conditional,128,83,markov,channel_robustness,3372,torch-2.11.0+cu128-cuda-Tesla T4
HAR_subject,d0381a510bbda1d266da,logistic,fixed_k,32,127,iid,main,3372,torch-2.11.0+cu128-cuda-Tesla T4
HAR_subject,d10e0a40b01e14b2c2e9,logistic,client_ema,128,113,iid,main,3372,torch-2.11.0+cu128-cuda-Tesla T4
HAR_subject,d1359d6817feed0ea02f,logistic,mean_length,128,97,iid,main,3372,torch-2.11.0+cu128-cuda-Tesla T4
HAR_subject,d19c579df16d51a54ec6,logistic,estimated_conditional,128,127,iid,main,3372,torch-2.11.0+cu128-cuda-Tesla T4
HAR_subject,d30ea1b1e8f91e39f99d,logistic,conditional,512,127,iid,main,3372,torch-2.11.0+cu128-cuda-Tesla T4
HAR_subject,d32093e24f9ad3a563a1,logistic,estimated_conditional,128,11,iid,main,3372,torch-2.11.0+cu128-cuda-Tesla T4
HAR_subject,d320c2b695ac9f1d9662,logistic,naive,128,47,iid,main,3372,torch-2.11.0+cu128-cuda-Tesla T4
HAR_subject,d328949f89bcecfb0eb4,logistic,fixed_k,32,47,iid,main,3372,torch-2.11.0+cu128-cuda-Tesla T4
HAR_subject,d32d0813002e3d4e0acb,mlp,fixed_k,128,97,iid,mlp_robustness,80582,torch-2.11.0+cu128-cuda-Tesla T4
HAR_subject,d3e3a89f2f7de13f53d8,mlp,fixed_k,128,127,iid,mlp_robustness,80582,torch-2.11.0+cu128-cuda-Tesla T4
HAR_subject,d5400e9a8cd534432bc0,logistic,conditional,32,113,iid,main,3372,torch-2.11.0+cu128-cuda-Tesla T4
HAR_subject,d664947e81b809c8a21e,logistic,fixed_k,512,137,iid,main,3372,torch-2.11.0+cu128-cuda-Tesla T4
HAR_subject,d6bfa7bb0fc361e362db,logistic,fixed_k,128,149,markov,channel_robustness,3372,torch-2.11.0+cu128-cuda-Tesla T4
HAR_subject,d7a3e604cc6bcdb1ad89,logistic,fixed_k,128,67,markov,channel_robustness,3372,torch-2.11.0+cu128-cuda-Tesla T4
HAR_subject,d92fb5d92848ce97b36a,logistic,mean_length,32,113,iid,main,3372,torch-2.11.0+cu128-cuda-Tesla T4
HAR_subject,da7dbdf203d56904df1e,logistic,fixed_k,512,101,iid,main,3372,torch-2.11.0+cu128-cuda-Tesla T4
HAR_subject,dc617f207283ebd91e1d,logistic,naive,512,23,iid,main,3372,torch-2.11.0+cu128-cuda-Tesla T4
HAR_subject,dd9c461e76b89d79fe70,logistic,fixed_k,128,137,markov,channel_robustness,3372,torch-2.11.0+cu128-cuda-Tesla T4
HAR_subject,ddc5413a3de518643c24,logistic,fixed_k,128,83,iid,main,3372,torch-2.11.0+cu128-cuda-Tesla T4
HAR_subject,dfc4240ef2785283ec46,logistic,conditional,32,127,iid,main,3372,torch-2.11.0+cu128-cuda-Tesla T4
HAR_subject,e0b1f728b47fff96a43a,logistic,conditional,128,67,markov,channel_robustness,3372,torch-2.11.0+cu128-cuda-Tesla T4
HAR_subject,e1e4e27620ad4562fb63,logistic,fixed_k,128,23,iid,main,3372,torch-2.11.0+cu128-cuda-Tesla T4
HAR_subject,e37e1067858a36a77932,logistic,client_ema,512,67,iid,main,3372,torch-2.11.0+cu128-cuda-Tesla T4
HAR_subject,e751fb73d367fe87d5f6,logistic,naive,128,97,iid,main,3372,torch-2.11.0+cu128-cuda-Tesla T4
HAR_subject,e877ca3ddc3eecd948ff,logistic,conditional,128,149,markov,channel_robustness,3372,torch-2.11.0+cu128-cuda-Tesla T4
HAR_subject,ea41ddd33d6897ac47cc,logistic,fixed_k,32,101,iid,main,3372,torch-2.11.0+cu128-cuda-Tesla T4
HAR_subject,eb3e34823f87f9c8c96b,logistic,conditional,128,11,markov,channel_robustness,3372,torch-2.11.0+cu128-cuda-Tesla T4
HAR_subject,ec6be71849029350f01a,logistic,client_ema,512,59,iid,main,3372,torch-2.11.0+cu128-cuda-Tesla T4
HAR_subject,edeb33f4912528f4773a,logistic,fixed_k,32,149,iid,main,3372,torch-2.11.0+cu128-cuda-Tesla T4
HAR_subject,ee1a45537ee8af2a383b,logistic,estimated_conditional,512,149,iid,main,3372,torch-2.11.0+cu128-cuda-Tesla T4
HAR_subject,f2e700be92caafeec02b,logistic,mean_length,32,11,iid,main,3372,torch-2.11.0+cu128-cuda-Tesla T4
HAR_subject,f3ae6e58b1e681a1b105,logistic,naive,32,97,iid,main,3372,torch-2.11.0+cu128-cuda-Tesla T4
HAR_subject,f47c51923c2ab40cb984,logistic,naive,512,137,iid,main,3372,torch-2.11.0+cu128-cuda-Tesla T4
HAR_subject,f52b821115d5fce44916,logistic,conditional,128,23,markov,channel_robustness,3372,torch-2.11.0+cu128-cuda-Tesla T4
HAR_subject,f6f5701643f1d6e8be6f,logistic,client_ema,512,83,iid,main,3372,torch-2.11.0+cu128-cuda-Tesla T4
HAR_subject,f8b28ff50e16642d3484,logistic,mean_length,32,97,iid,main,3372,torch-2.11.0+cu128-cuda-Tesla T4
HAR_subject,faa74259b2c5c2fb6234,mlp,conditional,128,97,iid,mlp_robustness,80582,torch-2.11.0+cu128-cuda-Tesla T4
HAR_subject,fb51f1203efdff7b2b5b,logistic,estimated_conditional,128,23,iid,main,3372,torch-2.11.0+cu128-cuda-Tesla T4
HAR_subject,fd3c912eff3fa5896f23,mlp,fixed_k,128,101,iid,mlp_robustness,80582,torch-2.11.0+cu128-cuda-Tesla T4
HAR_subject,fd5a733c1bb798e0b54b,logistic,mean_length,32,149,iid,main,3372,torch-2.11.0+cu128-cuda-Tesla T4
HAR_subject,fefa9c57c5e31e8a1eff,logistic,client_ema,32,127,iid,main,3372,torch-2.11.0+cu128-cuda-Tesla T4
HAR_Dirichlet,00f4c78fbe3d201b0209,mlp,fixed_k,128,47,iid,mlp_robustness,80582,torch-2.11.0+cu128-cuda-Tesla T4
HAR_Dirichlet,01005bfb71bee8031f4e,logistic,estimated_conditional,128,47,iid,main,3372,torch-2.11.0+cu128-cuda-Tesla T4
HAR_Dirichlet,015e5b5564348cbbd6dc,mlp,conditional,128,113,iid,mlp_robustness,80582,torch-2.11.0+cu128-cuda-Tesla T4
HAR_Dirichlet,01884c463d701866a49b,logistic,fixed_k,32,11,iid,main,3372,torch-2.11.0+cu128-cuda-Tesla T4
HAR_Dirichlet,023f6825cafeb33a3762,logistic,conditional,128,11,markov,channel_robustness,3372,torch-2.11.0+cu128-cuda-Tesla T4
HAR_Dirichlet,055ee049f25ba851455c,logistic,mean_length,128,137,iid,main,3372,torch-2.11.0+cu128-cuda-Tesla T4
HAR_Dirichlet,07d39664090ee8333c99,logistic,fixed_k,128,97,iid,main,3372,torch-2.11.0+cu128-cuda-Tesla T4
HAR_Dirichlet,0add341259c20d4fac03,logistic,client_ema,32,127,iid,main,3372,torch-2.11.0+cu128-cuda-Tesla T4
HAR_Dirichlet,0b3f5bd097d4eccccc49,mlp,fixed_k,128,67,iid,mlp_robustness,80582,torch-2.11.0+cu128-cuda-Tesla T4
HAR_Dirichlet,0ba596e55b238efe558b,logistic,conditional,128,149,markov,channel_robustness,3372,torch-2.11.0+cu128-cuda-Tesla T4
HAR_Dirichlet,0df5c2dbdf376674183f,logistic,client_ema,128,83,iid,main,3372,torch-2.11.0+cu128-cuda-Tesla T4
HAR_Dirichlet,0e490901c235043410d5,logistic,conditional,32,59,iid,main,3372,torch-2.11.0+cu128-cuda-Tesla T4
HAR_Dirichlet,0e90b58d68684dd770cb,logistic,estimated_conditional,128,113,iid,main,3372,torch-2.11.0+cu128-cuda-Tesla T4
HAR_Dirichlet,0ef994037e7b3a0526c6,logistic,conditional,512,97,iid,main,3372,torch-2.11.0+cu128-cuda-Tesla T4
HAR_Dirichlet,1190a52e661710e96b1a,logistic,fixed_k,512,47,iid,main,3372,torch-2.11.0+cu128-cuda-Tesla T4
HAR_Dirichlet,11c2e2cefd96fb1475c6,logistic,conditional,128,97,iid,main,3372,torch-2.11.0+cu128-cuda-Tesla T4
HAR_Dirichlet,11c4ce9f9f12bc4b1ee5,logistic,conditional,32,11,iid,main,3372,torch-2.11.0+cu128-cuda-Tesla T4
HAR_Dirichlet,13bfb862daf1f4f4457f,logistic,estimated_conditional,32,137,iid,main,3372,torch-2.11.0+cu128-cuda-Tesla T4
HAR_Dirichlet,14d1e1920112566af946,logistic,fixed_k,512,83,iid,main,3372,torch-2.11.0+cu128-cuda-Tesla T4
HAR_Dirichlet,158b799bd6380854f8da,logistic,estimated_conditional,32,11,iid,main,3372,torch-2.11.0+cu128-cuda-Tesla T4
HAR_Dirichlet,1593eeec3ed142af9fe9,logistic,client_ema,32,11,iid,main,3372,torch-2.11.0+cu128-cuda-Tesla T4
HAR_Dirichlet,16d60f6f3f0bb87f616c,logistic,mean_length,128,149,iid,main,3372,torch-2.11.0+cu128-cuda-Tesla T4
HAR_Dirichlet,180c1c53e0d0a943291a,logistic,estimated_conditional,128,127,iid,main,3372,torch-2.11.0+cu128-cuda-Tesla T4
HAR_Dirichlet,18488994a5bb4f1a48f5,logistic,conditional,128,23,iid,main,3372,torch-2.11.0+cu128-cuda-Tesla T4
HAR_Dirichlet,1a4719905a789c716a7c,logistic,estimated_conditional,32,127,iid,main,3372,torch-2.11.0+cu128-cuda-Tesla T4
HAR_Dirichlet,1c39f4b01dc6a4f36f10,logistic,estimated_conditional,128,23,iid,main,3372,torch-2.11.0+cu128-cuda-Tesla T4
HAR_Dirichlet,1c4b2ecc1dc58d4d75ba,logistic,naive,512,23,iid,main,3372,torch-2.11.0+cu128-cuda-Tesla T4
HAR_Dirichlet,1c89e56e27e9a618894e,logistic,fixed_k,128,127,markov,channel_robustness,3372,torch-2.11.0+cu128-cuda-Tesla T4
HAR_Dirichlet,1ce52d0152dc32b00dcb,logistic,fixed_k,128,47,markov,channel_robustness,3372,torch-2.11.0+cu128-cuda-Tesla T4
HAR_Dirichlet,1fbf01468bc2ae380137,logistic,conditional,128,83,markov,channel_robustness,3372,torch-2.11.0+cu128-cuda-Tesla T4
HAR_Dirichlet,206061fa1f66d6d76a60,logistic,conditional,32,83,iid,main,3372,torch-2.11.0+cu128-cuda-Tesla T4
HAR_Dirichlet,208af719d18224d44590,logistic,fixed_k,32,59,iid,main,3372,torch-2.11.0+cu128-cuda-Tesla T4
HAR_Dirichlet,25c034eab894395e3455,logistic,conditional,128,47,iid,main,3372,torch-2.11.0+cu128-cuda-Tesla T4
HAR_Dirichlet,2603a71e7a06ae26130e,logistic,fixed_k,128,149,iid,main,3372,torch-2.11.0+cu128-cuda-Tesla T4
HAR_Dirichlet,2732960120df61808e85,logistic,fixed_k,128,101,iid,main,3372,torch-2.11.0+cu128-cuda-Tesla T4
HAR_Dirichlet,273a50722763d03d30d1,logistic,fixed_k,128,127,iid,main,3372,torch-2.11.0+cu128-cuda-Tesla T4
HAR_Dirichlet,2801e2280d6ba8f8e007,logistic,fixed_k,128,97,markov,channel_robustness,3372,torch-2.11.0+cu128-cuda-Tesla T4
HAR_Dirichlet,280ebfe39a5493eba698,logistic,fixed_k,128,59,markov,channel_robustness,3372,torch-2.11.0+cu128-cuda-Tesla T4
HAR_Dirichlet,28d8b505160f13556ef0,logistic,naive,32,83,iid,main,3372,torch-2.11.0+cu128-cuda-Tesla T4
HAR_Dirichlet,29cb1e149614b9c2494c,logistic,mean_length,128,83,iid,main,3372,torch-2.11.0+cu128-cuda-Tesla T4
HAR_Dirichlet,2cccaa0f2fcdd4894038,logistic,client_ema,32,97,iid,main,3372,torch-2.11.0+cu128-cuda-Tesla T4
HAR_Dirichlet,2cde43d86883bee028ee,logistic,estimated_conditional,512,137,iid,main,3372,torch-2.11.0+cu128-cuda-Tesla T4
HAR_Dirichlet,2db71bad2416a3f02e72,logistic,mean_length,512,97,iid,main,3372,torch-2.11.0+cu128-cuda-Tesla T4
HAR_Dirichlet,304e6ab2250125c19e8f,logistic,conditional,512,101,iid,main,3372,torch-2.11.0+cu128-cuda-Tesla T4
HAR_Dirichlet,30c2f7bc5c3dab755eb0,logistic,mean_length,512,101,iid,main,3372,torch-2.11.0+cu128-cuda-Tesla T4
HAR_Dirichlet,317f3b2099f291a1b4ff,logistic,naive,128,59,iid,main,3372,torch-2.11.0+cu128-cuda-Tesla T4
HAR_Dirichlet,3274b292b2fe55bad07b,logistic,naive,128,113,iid,main,3372,torch-2.11.0+cu128-cuda-Tesla T4
HAR_Dirichlet,3383cc95253f9681f511,logistic,estimated_conditional,512,149,iid,main,3372,torch-2.11.0+cu128-cuda-Tesla T4
HAR_Dirichlet,33b0de8c9694643b2197,logistic,estimated_conditional,512,127,iid,main,3372,torch-2.11.0+cu128-cuda-Tesla T4
HAR_Dirichlet,351825d34bab9f799f14,logistic,client_ema,128,137,iid,main,3372,torch-2.11.0+cu128-cuda-Tesla T4
HAR_Dirichlet,3564454e85d93a348a4b,logistic,mean_length,128,127,iid,main,3372,torch-2.11.0+cu128-cuda-Tesla T4
HAR_Dirichlet,35e1dcca08afb0fadea8,logistic,fixed_k,128,11,markov,channel_robustness,3372,torch-2.11.0+cu128-cuda-Tesla T4
HAR_Dirichlet,36556cae6325ce9ddf64,logistic,estimated_conditional,32,149,iid,main,3372,torch-2.11.0+cu128-cuda-Tesla T4
HAR_Dirichlet,38ca721e3fe117b14cdb,logistic,estimated_conditional,512,83,iid,main,3372,torch-2.11.0+cu128-cuda-Tesla T4
HAR_Dirichlet,39d6a0a5441476acf926,logistic,estimated_conditional,512,23,iid,main,3372,torch-2.11.0+cu128-cuda-Tesla T4
HAR_Dirichlet,3a2a7d781492eaa66e27,mlp,fixed_k,128,137,iid,mlp_robustness,80582,torch-2.11.0+cu128-cuda-Tesla T4
HAR_Dirichlet,3c79e2142baa68a9af94,logistic,naive,512,97,iid,main,3372,torch-2.11.0+cu128-cuda-Tesla T4
HAR_Dirichlet,3ced329e6a92839af6b8,logistic,estimated_conditional,512,67,iid,main,3372,torch-2.11.0+cu128-cuda-Tesla T4
HAR_Dirichlet,3e0bfb5b8d16abf65f2a,logistic,client_ema,512,23,iid,main,3372,torch-2.11.0+cu128-cuda-Tesla T4
HAR_Dirichlet,3fb67c7be78d0837a7a9,logistic,fixed_k,128,101,markov,channel_robustness,3372,torch-2.11.0+cu128-cuda-Tesla T4
HAR_Dirichlet,3fd7cf5f5f4691c3e953,logistic,estimated_conditional,128,11,iid,main,3372,torch-2.11.0+cu128-cuda-Tesla T4
HAR_Dirichlet,40f4586cff0394efcb40,logistic,client_ema,32,47,iid,main,3372,torch-2.11.0+cu128-cuda-Tesla T4
HAR_Dirichlet,4114e339dec66b2859c4,logistic,naive,512,101,iid,main,3372,torch-2.11.0+cu128-cuda-Tesla T4
HAR_Dirichlet,4136eb1ba33a0c1fe187,logistic,mean_length,512,149,iid,main,3372,torch-2.11.0+cu128-cuda-Tesla T4
HAR_Dirichlet,4162984ae17eaedc29bf,logistic,naive,32,127,iid,main,3372,torch-2.11.0+cu128-cuda-Tesla T4
HAR_Dirichlet,420e4f836d19dffa473c,logistic,conditional,128,137,markov,channel_robustness,3372,torch-2.11.0+cu128-cuda-Tesla T4
HAR_Dirichlet,42ccddb7f63c5f4a53b9,mlp,conditional,128,67,iid,mlp_robustness,80582,torch-2.11.0+cu128-cuda-Tesla T4
HAR_Dirichlet,43421e112fc9bbb5715f,logistic,conditional,128,101,markov,channel_robustness,3372,torch-2.11.0+cu128-cuda-Tesla T4
HAR_Dirichlet,435bee84e8d89e1dd0cc,logistic,fixed_k,512,11,iid,main,3372,torch-2.11.0+cu128-cuda-Tesla T4
HAR_Dirichlet,43d04379cdc8a966cd9b,logistic,fixed_k,128,47,iid,main,3372,torch-2.11.0+cu128-cuda-Tesla T4
HAR_Dirichlet,457b4fc00e6d630a2fd4,logistic,fixed_k,512,137,iid,main,3372,torch-2.11.0+cu128-cuda-Tesla T4
HAR_Dirichlet,48fac1f0b5bbbfeecb05,logistic,fixed_k,32,137,iid,main,3372,torch-2.11.0+cu128-cuda-Tesla T4
HAR_Dirichlet,4a15e20164d415e707ba,logistic,conditional,512,137,iid,main,3372,torch-2.11.0+cu128-cuda-Tesla T4
HAR_Dirichlet,4a4fc51ea5b448bc9cff,mlp,conditional,128,59,iid,mlp_robustness,80582,torch-2.11.0+cu128-cuda-Tesla T4
HAR_Dirichlet,4a8d121a93dede7b34a2,mlp,fixed_k,128,101,iid,mlp_robustness,80582,torch-2.11.0+cu128-cuda-Tesla T4
HAR_Dirichlet,4bba9fcd203fdb04c317,logistic,conditional,32,97,iid,main,3372,torch-2.11.0+cu128-cuda-Tesla T4
HAR_Dirichlet,4c1b982f902e60f4a1b5,logistic,mean_length,512,113,iid,main,3372,torch-2.11.0+cu128-cuda-Tesla T4
HAR_Dirichlet,4d6a6311bb2628a259b3,logistic,client_ema,512,11,iid,main,3372,torch-2.11.0+cu128-cuda-Tesla T4
HAR_Dirichlet,4da65a69ef642dc62532,logistic,fixed_k,128,113,iid,main,3372,torch-2.11.0+cu128-cuda-Tesla T4
HAR_Dirichlet,4eb4fef275779b770cd0,logistic,fixed_k,32,113,iid,main,3372,torch-2.11.0+cu128-cuda-Tesla T4
HAR_Dirichlet,522cc241625a329fe846,logistic,fixed_k,32,149,iid,main,3372,torch-2.11.0+cu128-cuda-Tesla T4
HAR_Dirichlet,53e496d0583e4f20263b,logistic,mean_length,128,47,iid,main,3372,torch-2.11.0+cu128-cuda-Tesla T4
HAR_Dirichlet,55b59af4eba8d854824d,mlp,fixed_k,128,113,iid,mlp_robustness,80582,torch-2.11.0+cu128-cuda-Tesla T4
HAR_Dirichlet,55f58c85c3e10ba4fa09,logistic,naive,32,23,iid,main,3372,torch-2.11.0+cu128-cuda-Tesla T4
HAR_Dirichlet,579c5751ac17d56f5ddf,logistic,conditional,128,67,iid,main,3372,torch-2.11.0+cu128-cuda-Tesla T4
HAR_Dirichlet,57ffe654bf7e33364b31,mlp,conditional,128,101,iid,mlp_robustness,80582,torch-2.11.0+cu128-cuda-Tesla T4
HAR_Dirichlet,58148cf42cd033255797,logistic,estimated_conditional,128,83,iid,main,3372,torch-2.11.0+cu128-cuda-Tesla T4
HAR_Dirichlet,5829a22cb590f718cd73,logistic,naive,512,11,iid,main,3372,torch-2.11.0+cu128-cuda-Tesla T4
HAR_Dirichlet,5869c6c5a54cb9154402,logistic,naive,32,113,iid,main,3372,torch-2.11.0+cu128-cuda-Tesla T4
HAR_Dirichlet,58ef4ed719f0bf714fba,logistic,estimated_conditional,512,59,iid,main,3372,torch-2.11.0+cu128-cuda-Tesla T4
HAR_Dirichlet,5b6c66194ce006fd90a3,logistic,mean_length,32,83,iid,main,3372,torch-2.11.0+cu128-cuda-Tesla T4
HAR_Dirichlet,5bc87362d1b8acf02334,logistic,naive,32,101,iid,main,3372,torch-2.11.0+cu128-cuda-Tesla T4
HAR_Dirichlet,5ca4d774f5a3d1051d04,logistic,client_ema,512,83,iid,main,3372,torch-2.11.0+cu128-cuda-Tesla T4
HAR_Dirichlet,5dd763963232c8662d7f,logistic,conditional,32,113,iid,main,3372,torch-2.11.0+cu128-cuda-Tesla T4
HAR_Dirichlet,5e00beecdc1d65ad9d68,logistic,fixed_k,128,67,markov,channel_robustness,3372,torch-2.11.0+cu128-cuda-Tesla T4
HAR_Dirichlet,5e4598305dbc96bfb6c8,logistic,fixed_k,128,149,markov,channel_robustness,3372,torch-2.11.0+cu128-cuda-Tesla T4
HAR_Dirichlet,5e904c0f675a79de4019,logistic,client_ema,512,127,iid,main,3372,torch-2.11.0+cu128-cuda-Tesla T4
HAR_Dirichlet,5ebafbba1a6b28fa5198,logistic,fixed_k,512,101,iid,main,3372,torch-2.11.0+cu128-cuda-Tesla T4
HAR_Dirichlet,5f044f56f32a21f5321c,logistic,client_ema,512,113,iid,main,3372,torch-2.11.0+cu128-cuda-Tesla T4
HAR_Dirichlet,5f941009ccb4e898d94c,logistic,fixed_k,128,67,iid,main,3372,torch-2.11.0+cu128-cuda-Tesla T4
HAR_Dirichlet,60472bd95c812d0500aa,logistic,fixed_k,128,83,iid,main,3372,torch-2.11.0+cu128-cuda-Tesla T4
HAR_Dirichlet,60888c83b16bdc99ad3a,logistic,conditional,128,113,markov,channel_robustness,3372,torch-2.11.0+cu128-cuda-Tesla T4
HAR_Dirichlet,61ad2d819a8e4a249402,logistic,fixed_k,512,23,iid,main,3372,torch-2.11.0+cu128-cuda-Tesla T4
HAR_Dirichlet,61b44b5d4d0b27db40fb,logistic,naive,32,67,iid,main,3372,torch-2.11.0+cu128-cuda-Tesla T4
HAR_Dirichlet,61e66b4ade35cd3a7a68,logistic,mean_length,128,113,iid,main,3372,torch-2.11.0+cu128-cuda-Tesla T4
HAR_Dirichlet,62549e3ecf0527378267,mlp,conditional,128,97,iid,mlp_robustness,80582,torch-2.11.0+cu128-cuda-Tesla T4
HAR_Dirichlet,645eb286bfaf15650e3d,logistic,conditional,128,83,iid,main,3372,torch-2.11.0+cu128-cuda-Tesla T4
HAR_Dirichlet,65404c4a62d0d9e03101,mlp,conditional,128,127,iid,mlp_robustness,80582,torch-2.11.0+cu128-cuda-Tesla T4
HAR_Dirichlet,6561fc86e4359d576324,logistic,client_ema,128,67,iid,main,3372,torch-2.11.0+cu128-cuda-Tesla T4
HAR_Dirichlet,659d16ea100a6ff70724,logistic,naive,32,59,iid,main,3372,torch-2.11.0+cu128-cuda-Tesla T4
HAR_Dirichlet,66151886e44a5c6eeabc,logistic,fixed_k,32,101,iid,main,3372,torch-2.11.0+cu128-cuda-Tesla T4
HAR_Dirichlet,669704e75f6ab8052838,logistic,client_ema,32,101,iid,main,3372,torch-2.11.0+cu128-cuda-Tesla T4
HAR_Dirichlet,66f648d4cf4d92f6e9c0,logistic,client_ema,512,67,iid,main,3372,torch-2.11.0+cu128-cuda-Tesla T4
HAR_Dirichlet,690ab31debfd4c7f6bc3,logistic,fixed_k,128,83,markov,channel_robustness,3372,torch-2.11.0+cu128-cuda-Tesla T4
HAR_Dirichlet,696e3721860c570c1069,logistic,estimated_conditional,128,67,iid,main,3372,torch-2.11.0+cu128-cuda-Tesla T4
HAR_Dirichlet,6b3fb5066d8e3d594f9b,logistic,fixed_k,512,97,iid,main,3372,torch-2.11.0+cu128-cuda-Tesla T4
HAR_Dirichlet,6c9229229a2822493fcc,logistic,estimated_conditional,128,149,iid,main,3372,torch-2.11.0+cu128-cuda-Tesla T4
HAR_Dirichlet,6cb41fc92690bd19ed63,logistic,client_ema,32,23,iid,main,3372,torch-2.11.0+cu128-cuda-Tesla T4
HAR_Dirichlet,6cc9b007cc505bbe4f30,logistic,naive,512,113,iid,main,3372,torch-2.11.0+cu128-cuda-Tesla T4
HAR_Dirichlet,6e7c91ebda49b4252575,logistic,fixed_k,128,23,iid,main,3372,torch-2.11.0+cu128-cuda-Tesla T4
HAR_Dirichlet,6e9eaaf7895691b9b7c0,logistic,mean_length,128,11,iid,main,3372,torch-2.11.0+cu128-cuda-Tesla T4
HAR_Dirichlet,6efa9dd9b93c8ed8c1f8,mlp,fixed_k,128,97,iid,mlp_robustness,80582,torch-2.11.0+cu128-cuda-Tesla T4
HAR_Dirichlet,6efe9b411cf557e2adca,logistic,fixed_k,32,97,iid,main,3372,torch-2.11.0+cu128-cuda-Tesla T4
HAR_Dirichlet,70fd28434fe8feaaeeef,logistic,client_ema,512,149,iid,main,3372,torch-2.11.0+cu128-cuda-Tesla T4
HAR_Dirichlet,710595485c938b37a10a,mlp,conditional,128,47,iid,mlp_robustness,80582,torch-2.11.0+cu128-cuda-Tesla T4
HAR_Dirichlet,7359a8eee3f2345370df,logistic,mean_length,512,83,iid,main,3372,torch-2.11.0+cu128-cuda-Tesla T4
HAR_Dirichlet,736e08608fb633fa936f,logistic,naive,32,97,iid,main,3372,torch-2.11.0+cu128-cuda-Tesla T4
HAR_Dirichlet,743d6a64951aea1b3635,logistic,conditional,128,149,iid,main,3372,torch-2.11.0+cu128-cuda-Tesla T4
HAR_Dirichlet,74df6e3ed86a28533e17,logistic,naive,512,137,iid,main,3372,torch-2.11.0+cu128-cuda-Tesla T4
HAR_Dirichlet,75cd63efac25e93ce4ad,logistic,mean_length,32,113,iid,main,3372,torch-2.11.0+cu128-cuda-Tesla T4
HAR_Dirichlet,75f195d9da3da3e3aa60,logistic,fixed_k,512,113,iid,main,3372,torch-2.11.0+cu128-cuda-Tesla T4
HAR_Dirichlet,76b98105fa4663566cc1,logistic,estimated_conditional,32,83,iid,main,3372,torch-2.11.0+cu128-cuda-Tesla T4
HAR_Dirichlet,797060170801fef3be05,logistic,conditional,32,47,iid,main,3372,torch-2.11.0+cu128-cuda-Tesla T4
HAR_Dirichlet,7acfec66bc28ea64b1ef,logistic,estimated_conditional,32,67,iid,main,3372,torch-2.11.0+cu128-cuda-Tesla T4
HAR_Dirichlet,7af1f44e94ed077aebc2,logistic,client_ema,128,101,iid,main,3372,torch-2.11.0+cu128-cuda-Tesla T4
HAR_Dirichlet,7bed3c8d61f0fb68d46f,logistic,conditional,128,23,markov,channel_robustness,3372,torch-2.11.0+cu128-cuda-Tesla T4
HAR_Dirichlet,7ccd11ff3785ffd06536,mlp,conditional,128,23,iid,mlp_robustness,80582,torch-2.11.0+cu128-cuda-Tesla T4
HAR_Dirichlet,7db540bd621c5ba02914,logistic,naive,128,101,iid,main,3372,torch-2.11.0+cu128-cuda-Tesla T4
HAR_Dirichlet,7ec2e0196d85cefd5c5c,logistic,estimated_conditional,512,113,iid,main,3372,torch-2.11.0+cu128-cuda-Tesla T4
HAR_Dirichlet,801d842da11ed4bce8f9,logistic,conditional,512,149,iid,main,3372,torch-2.11.0+cu128-cuda-Tesla T4
HAR_Dirichlet,825e8764a9c920e9f81d,logistic,mean_length,32,149,iid,main,3372,torch-2.11.0+cu128-cuda-Tesla T4
HAR_Dirichlet,8380bfa5f65192e6f882,logistic,naive,128,11,iid,main,3372,torch-2.11.0+cu128-cuda-Tesla T4
HAR_Dirichlet,88056268c3060751e03a,mlp,fixed_k,128,149,iid,mlp_robustness,80582,torch-2.11.0+cu128-cuda-Tesla T4
HAR_Dirichlet,89c721dbf8dd66f8e06b,logistic,fixed_k,32,83,iid,main,3372,torch-2.11.0+cu128-cuda-Tesla T4
HAR_Dirichlet,8b4b2bdf5f4b390ff37e,logistic,fixed_k,32,23,iid,main,3372,torch-2.11.0+cu128-cuda-Tesla T4
HAR_Dirichlet,8b5d71e2b36810e5f8fc,logistic,naive,512,47,iid,main,3372,torch-2.11.0+cu128-cuda-Tesla T4
HAR_Dirichlet,8bb877de39e9e2be152c,logistic,conditional,128,67,markov,channel_robustness,3372,torch-2.11.0+cu128-cuda-Tesla T4
HAR_Dirichlet,8c4c5e63381c9bb2dead,logistic,fixed_k,512,149,iid,main,3372,torch-2.11.0+cu128-cuda-Tesla T4
HAR_Dirichlet,8e32e5bae30bf862d052,logistic,naive,32,47,iid,main,3372,torch-2.11.0+cu128-cuda-Tesla T4
HAR_Dirichlet,9297a36c292c84a76e22,logistic,naive,512,149,iid,main,3372,torch-2.11.0+cu128-cuda-Tesla T4
HAR_Dirichlet,92e47c4e3d7b69e057b4,logistic,client_ema,32,67,iid,main,3372,torch-2.11.0+cu128-cuda-Tesla T4
HAR_Dirichlet,93b1e0ddba1d2f68ba46,logistic,naive,512,83,iid,main,3372,torch-2.11.0+cu128-cuda-Tesla T4
HAR_Dirichlet,9439ef8a0ede3f0779f7,logistic,estimated_conditional,32,113,iid,main,3372,torch-2.11.0+cu128-cuda-Tesla T4
HAR_Dirichlet,96377bd76701225628cd,logistic,client_ema,32,83,iid,main,3372,torch-2.11.0+cu128-cuda-Tesla T4
HAR_Dirichlet,9755b952572961bb5315,logistic,naive,128,83,iid,main,3372,torch-2.11.0+cu128-cuda-Tesla T4
HAR_Dirichlet,9a44111181ebcb1ffe44,mlp,conditional,128,83,iid,mlp_robustness,80582,torch-2.11.0+cu128-cuda-Tesla T4
HAR_Dirichlet,9c4b3dc4dec567dd7cc7,logistic,conditional,512,59,iid,main,3372,torch-2.11.0+cu128-cuda-Tesla T4
HAR_Dirichlet,9c65e197428d3d48c08d,logistic,client_ema,128,127,iid,main,3372,torch-2.11.0+cu128-cuda-Tesla T4
HAR_Dirichlet,9fcb17dd4f8d713be391,logistic,estimated_conditional,32,23,iid,main,3372,torch-2.11.0+cu128-cuda-Tesla T4
HAR_Dirichlet,a0da074f271adea07c73,logistic,naive,128,67,iid,main,3372,torch-2.11.0+cu128-cuda-Tesla T4
HAR_Dirichlet,a0efee183b2ab5400717,logistic,mean_length,32,47,iid,main,3372,torch-2.11.0+cu128-cuda-Tesla T4
HAR_Dirichlet,a14b81f27298172fa8e7,logistic,client_ema,512,47,iid,main,3372,torch-2.11.0+cu128-cuda-Tesla T4
HAR_Dirichlet,a2919995d3989eb4282b,logistic,conditional,32,149,iid,main,3372,torch-2.11.0+cu128-cuda-Tesla T4
HAR_Dirichlet,a31bd0ca70d5632f3ea6,logistic,mean_length,128,23,iid,main,3372,torch-2.11.0+cu128-cuda-Tesla T4
HAR_Dirichlet,a40091b2c3754739e908,logistic,estimated_conditional,512,47,iid,main,3372,torch-2.11.0+cu128-cuda-Tesla T4
HAR_Dirichlet,a43a7a4e39fa1fca989d,logistic,client_ema,512,97,iid,main,3372,torch-2.11.0+cu128-cuda-Tesla T4
HAR_Dirichlet,a51d6d2168641f359888,logistic,fixed_k,128,23,markov,channel_robustness,3372,torch-2.11.0+cu128-cuda-Tesla T4
HAR_Dirichlet,a5aabe4b3816151a8bae,logistic,naive,128,149,iid,main,3372,torch-2.11.0+cu128-cuda-Tesla T4
HAR_Dirichlet,a78773eb0fb5b8d7d32e,mlp,conditional,128,137,iid,mlp_robustness,80582,torch-2.11.0+cu128-cuda-Tesla T4
HAR_Dirichlet,a7a10e50643152c8b209,logistic,fixed_k,512,127,iid,main,3372,torch-2.11.0+cu128-cuda-Tesla T4
HAR_Dirichlet,a86a7c2b64b6af1b8d5c,logistic,estimated_conditional,128,101,iid,main,3372,torch-2.11.0+cu128-cuda-Tesla T4
HAR_Dirichlet,a8766d4629a713b7b979,logistic,fixed_k,128,113,markov,channel_robustness,3372,torch-2.11.0+cu128-cuda-Tesla T4
HAR_Dirichlet,a88f23682bb4b40ed294,mlp,conditional,128,11,iid,mlp_robustness,80582,torch-2.11.0+cu128-cuda-Tesla T4
HAR_Dirichlet,a94a1cf8d3544bc3b11c,logistic,fixed_k,32,67,iid,main,3372,torch-2.11.0+cu128-cuda-Tesla T4
HAR_Dirichlet,ace9148f4dc715c0809e,logistic,conditional,128,127,markov,channel_robustness,3372,torch-2.11.0+cu128-cuda-Tesla T4
HAR_Dirichlet,ae1a3e7eb7c1a5094dd7,logistic,client_ema,512,59,iid,main,3372,torch-2.11.0+cu128-cuda-Tesla T4
HAR_Dirichlet,aed4f9ade71d392883ea,logistic,estimated_conditional,32,47,iid,main,3372,torch-2.11.0+cu128-cuda-Tesla T4
HAR_Dirichlet,af19b9f9b81fd236e576,logistic,fixed_k,32,47,iid,main,3372,torch-2.11.0+cu128-cuda-Tesla T4
HAR_Dirichlet,b012c1bb5c4cdac3e76f,logistic,mean_length,128,59,iid,main,3372,torch-2.11.0+cu128-cuda-Tesla T4
HAR_Dirichlet,b27ddb14725da1ad2c61,logistic,conditional,128,59,markov,channel_robustness,3372,torch-2.11.0+cu128-cuda-Tesla T4
HAR_Dirichlet,b3ab963cbfeed9021b5e,logistic,client_ema,32,137,iid,main,3372,torch-2.11.0+cu128-cuda-Tesla T4
HAR_Dirichlet,b42e993cb8c5f751e9d0,logistic,fixed_k,128,137,markov,channel_robustness,3372,torch-2.11.0+cu128-cuda-Tesla T4
HAR_Dirichlet,b4b74e80dc8153239c75,logistic,mean_length,32,137,iid,main,3372,torch-2.11.0+cu128-cuda-Tesla T4
HAR_Dirichlet,b782c9a8a58d2c6523de,logistic,mean_length,128,101,iid,main,3372,torch-2.11.0+cu128-cuda-Tesla T4
HAR_Dirichlet,b8488948a9b63df480d4,logistic,conditional,128,113,iid,main,3372,torch-2.11.0+cu128-cuda-Tesla T4
HAR_Dirichlet,b8886e8ebd0d7ad9cc78,logistic,estimated_conditional,512,11,iid,main,3372,torch-2.11.0+cu128-cuda-Tesla T4
HAR_Dirichlet,bc7116a12a1df85abeeb,logistic,estimated_conditional,32,101,iid,main,3372,torch-2.11.0+cu128-cuda-Tesla T4
HAR_Dirichlet,bcdd4d92b33f603a64ea,logistic,mean_length,128,67,iid,main,3372,torch-2.11.0+cu128-cuda-Tesla T4
HAR_Dirichlet,bdc0f5830de84aa43fb0,logistic,naive,512,127,iid,main,3372,torch-2.11.0+cu128-cuda-Tesla T4
HAR_Dirichlet,be2bff901cc67ac54f34,logistic,conditional,512,67,iid,main,3372,torch-2.11.0+cu128-cuda-Tesla T4
HAR_Dirichlet,beb34a5b53d09a2243db,logistic,estimated_conditional,32,97,iid,main,3372,torch-2.11.0+cu128-cuda-Tesla T4
HAR_Dirichlet,bf64197b2b1144484624,logistic,mean_length,32,59,iid,main,3372,torch-2.11.0+cu128-cuda-Tesla T4
HAR_Dirichlet,c00a8013e9c1aacf6b20,logistic,conditional,512,11,iid,main,3372,torch-2.11.0+cu128-cuda-Tesla T4
HAR_Dirichlet,c203632aed5567b4efb7,logistic,estimated_conditional,128,97,iid,main,3372,torch-2.11.0+cu128-cuda-Tesla T4
HAR_Dirichlet,c22cdbb2d9f0377c927f,logistic,client_ema,512,101,iid,main,3372,torch-2.11.0+cu128-cuda-Tesla T4
HAR_Dirichlet,c2eaecb2f85e6bbd09b0,logistic,mean_length,512,67,iid,main,3372,torch-2.11.0+cu128-cuda-Tesla T4
HAR_Dirichlet,c3a4468631ddf7e913bc,logistic,fixed_k,512,59,iid,main,3372,torch-2.11.0+cu128-cuda-Tesla T4
HAR_Dirichlet,c424a16c240a414d1c06,logistic,mean_length,512,23,iid,main,3372,torch-2.11.0+cu128-cuda-Tesla T4
HAR_Dirichlet,c478c0910b1ec629144f,logistic,mean_length,32,11,iid,main,3372,torch-2.11.0+cu128-cuda-Tesla T4
HAR_Dirichlet,c608a62908e8102bcb6e,logistic,mean_length,32,67,iid,main,3372,torch-2.11.0+cu128-cuda-Tesla T4
HAR_Dirichlet,c61048a0bda789900dd9,logistic,client_ema,32,59,iid,main,3372,torch-2.11.0+cu128-cuda-Tesla T4
HAR_Dirichlet,c6215f65ca0589c4f92d,logistic,estimated_conditional,128,59,iid,main,3372,torch-2.11.0+cu128-cuda-Tesla T4
HAR_Dirichlet,c76a10e431a237084489,logistic,conditional,512,127,iid,main,3372,torch-2.11.0+cu128-cuda-Tesla T4
HAR_Dirichlet,c77b387c7601a6b0a26d,logistic,client_ema,128,59,iid,main,3372,torch-2.11.0+cu128-cuda-Tesla T4
HAR_Dirichlet,c7f5a49b52285ce29c96,logistic,mean_length,512,59,iid,main,3372,torch-2.11.0+cu128-cuda-Tesla T4
HAR_Dirichlet,c9632ac090f66b1b406f,logistic,naive,128,47,iid,main,3372,torch-2.11.0+cu128-cuda-Tesla T4
HAR_Dirichlet,c9e2975d94afce5ea5b7,logistic,conditional,32,67,iid,main,3372,torch-2.11.0+cu128-cuda-Tesla T4
HAR_Dirichlet,cb3c81a8367d63e642a5,logistic,conditional,512,47,iid,main,3372,torch-2.11.0+cu128-cuda-Tesla T4
HAR_Dirichlet,cbc4dfe89ac27396050f,logistic,mean_length,32,23,iid,main,3372,torch-2.11.0+cu128-cuda-Tesla T4
HAR_Dirichlet,ce1aa5f6e7b2166d512e,logistic,fixed_k,128,137,iid,main,3372,torch-2.11.0+cu128-cuda-Tesla T4
HAR_Dirichlet,ce5581f6e8129186e179,logistic,estimated_conditional,32,59,iid,main,3372,torch-2.11.0+cu128-cuda-Tesla T4
HAR_Dirichlet,cf75cc308fa8ecc5f474,mlp,fixed_k,128,23,iid,mlp_robustness,80582,torch-2.11.0+cu128-cuda-Tesla T4
HAR_Dirichlet,cfb351dbc7727ee51f24,logistic,naive,32,137,iid,main,3372,torch-2.11.0+cu128-cuda-Tesla T4
HAR_Dirichlet,d07882b3f617115f7b69,logistic,mean_length,512,127,iid,main,3372,torch-2.11.0+cu128-cuda-Tesla T4
HAR_Dirichlet,d1a5b05f03bfd65d388f,logistic,naive,512,59,iid,main,3372,torch-2.11.0+cu128-cuda-Tesla T4
HAR_Dirichlet,d1ab4bac412aecd923f9,logistic,mean_length,32,97,iid,main,3372,torch-2.11.0+cu128-cuda-Tesla T4
HAR_Dirichlet,d669ba4d14f317f98351,logistic,naive,512,67,iid,main,3372,torch-2.11.0+cu128-cuda-Tesla T4
HAR_Dirichlet,d67a47dc4ca6adf1d232,logistic,conditional,128,11,iid,main,3372,torch-2.11.0+cu128-cuda-Tesla T4
HAR_Dirichlet,d8672d9280a35b136645,logistic,mean_length,32,101,iid,main,3372,torch-2.11.0+cu128-cuda-Tesla T4
HAR_Dirichlet,d96fbeed5879e6a52b50,logistic,fixed_k,128,59,iid,main,3372,torch-2.11.0+cu128-cuda-Tesla T4
HAR_Dirichlet,db993489abd51b22a3fa,logistic,mean_length,32,127,iid,main,3372,torch-2.11.0+cu128-cuda-Tesla T4
HAR_Dirichlet,dc6a06c420f8ad137f7d,logistic,client_ema,128,113,iid,main,3372,torch-2.11.0+cu128-cuda-Tesla T4
HAR_Dirichlet,df9d388ccaa0a80daf37,logistic,mean_length,128,97,iid,main,3372,torch-2.11.0+cu128-cuda-Tesla T4
HAR_Dirichlet,dfb26c74df4fb0f58a77,logistic,client_ema,512,137,iid,main,3372,torch-2.11.0+cu128-cuda-Tesla T4
HAR_Dirichlet,e01ed70c92287088abd2,logistic,mean_length,512,11,iid,main,3372,torch-2.11.0+cu128-cuda-Tesla T4
HAR_Dirichlet,e0ae0c98c9161a3f9572,logistic,conditional,512,113,iid,main,3372,torch-2.11.0+cu128-cuda-Tesla T4
HAR_Dirichlet,e104334613b8e8e30f9f,logistic,client_ema,128,97,iid,main,3372,torch-2.11.0+cu128-cuda-Tesla T4
HAR_Dirichlet,e12fded652e80121204e,logistic,conditional,512,23,iid,main,3372,torch-2.11.0+cu128-cuda-Tesla T4
HAR_Dirichlet,e34eabaa16d3c850cad0,logistic,conditional,128,127,iid,main,3372,torch-2.11.0+cu128-cuda-Tesla T4
HAR_Dirichlet,e3f3450a4a909395cb17,logistic,conditional,128,59,iid,main,3372,torch-2.11.0+cu128-cuda-Tesla T4
HAR_Dirichlet,e55b44fcf16ae51318af,logistic,mean_length,512,137,iid,main,3372,torch-2.11.0+cu128-cuda-Tesla T4
HAR_Dirichlet,e66b891595ece23dd759,logistic,client_ema,128,23,iid,main,3372,torch-2.11.0+cu128-cuda-Tesla T4
HAR_Dirichlet,e746c248224d444d05d6,logistic,naive,128,97,iid,main,3372,torch-2.11.0+cu128-cuda-Tesla T4
HAR_Dirichlet,e8974a664198028a0bea,logistic,naive,128,137,iid,main,3372,torch-2.11.0+cu128-cuda-Tesla T4
HAR_Dirichlet,e940eed6d79bd3494c55,mlp,fixed_k,128,127,iid,mlp_robustness,80582,torch-2.11.0+cu128-cuda-Tesla T4
HAR_Dirichlet,ea210a7365edfd2646b9,mlp,fixed_k,128,11,iid,mlp_robustness,80582,torch-2.11.0+cu128-cuda-Tesla T4
HAR_Dirichlet,eab0859e8780f2dcbea0,logistic,conditional,128,47,markov,channel_robustness,3372,torch-2.11.0+cu128-cuda-Tesla T4
HAR_Dirichlet,ebb1219585d5967a67f4,mlp,fixed_k,128,83,iid,mlp_robustness,80582,torch-2.11.0+cu128-cuda-Tesla T4
HAR_Dirichlet,ebf8b696932bae863bc3,logistic,naive,32,149,iid,main,3372,torch-2.11.0+cu128-cuda-Tesla T4
HAR_Dirichlet,ecca1b00f36df516831b,logistic,conditional,128,101,iid,main,3372,torch-2.11.0+cu128-cuda-Tesla T4
HAR_Dirichlet,edd54f4150b37f9627f4,logistic,conditional,128,137,iid,main,3372,torch-2.11.0+cu128-cuda-Tesla T4
HAR_Dirichlet,efffb43ede84a0690d9a,logistic,client_ema,32,113,iid,main,3372,torch-2.11.0+cu128-cuda-Tesla T4
HAR_Dirichlet,f017c78f6df1a04d578b,logistic,naive,32,11,iid,main,3372,torch-2.11.0+cu128-cuda-Tesla T4
HAR_Dirichlet,f01e622642138b5ce901,logistic,fixed_k,128,11,iid,main,3372,torch-2.11.0+cu128-cuda-Tesla T4
HAR_Dirichlet,f079ae80843ff34d969b,logistic,naive,128,127,iid,main,3372,torch-2.11.0+cu128-cuda-Tesla T4
HAR_Dirichlet,f0869fdf4c80b0b170aa,mlp,fixed_k,128,59,iid,mlp_robustness,80582,torch-2.11.0+cu128-cuda-Tesla T4
HAR_Dirichlet,f0b0d208e1968ed2a4c6,logistic,conditional,32,23,iid,main,3372,torch-2.11.0+cu128-cuda-Tesla T4
HAR_Dirichlet,f1660dac4e292b2b0b06,logistic,mean_length,512,47,iid,main,3372,torch-2.11.0+cu128-cuda-Tesla T4
HAR_Dirichlet,f1af887a3e09670a2571,logistic,client_ema,128,11,iid,main,3372,torch-2.11.0+cu128-cuda-Tesla T4
HAR_Dirichlet,f2f10489a59d51a9a3dc,logistic,conditional,128,97,markov,channel_robustness,3372,torch-2.11.0+cu128-cuda-Tesla T4
HAR_Dirichlet,f319a3a6b72b05374da7,logistic,conditional,32,101,iid,main,3372,torch-2.11.0+cu128-cuda-Tesla T4
HAR_Dirichlet,f45b5668a12abfd32e9c,logistic,fixed_k,32,127,iid,main,3372,torch-2.11.0+cu128-cuda-Tesla T4
HAR_Dirichlet,f489903d78953ab8b4af,logistic,client_ema,32,149,iid,main,3372,torch-2.11.0+cu128-cuda-Tesla T4
HAR_Dirichlet,f5df7d696a94e67210e2,logistic,conditional,512,83,iid,main,3372,torch-2.11.0+cu128-cuda-Tesla T4
HAR_Dirichlet,f72dfde94577a517f1c8,mlp,conditional,128,149,iid,mlp_robustness,80582,torch-2.11.0+cu128-cuda-Tesla T4
HAR_Dirichlet,f794c405b101d964e223,logistic,estimated_conditional,512,101,iid,main,3372,torch-2.11.0+cu128-cuda-Tesla T4
HAR_Dirichlet,f7cece2c9a66ef128178,logistic,client_ema,128,149,iid,main,3372,torch-2.11.0+cu128-cuda-Tesla T4
HAR_Dirichlet,f905ac9bfbe293874807,logistic,client_ema,128,47,iid,main,3372,torch-2.11.0+cu128-cuda-Tesla T4
HAR_Dirichlet,fb79442b9e78fd9f30a5,logistic,estimated_conditional,512,97,iid,main,3372,torch-2.11.0+cu128-cuda-Tesla T4
HAR_Dirichlet,fb9da2f468c10204f007,logistic,estimated_conditional,128,137,iid,main,3372,torch-2.11.0+cu128-cuda-Tesla T4
HAR_Dirichlet,fc48c847dd67b0bc9496,logistic,fixed_k,512,67,iid,main,3372,torch-2.11.0+cu128-cuda-Tesla T4
HAR_Dirichlet,fd123e5e9034ab4fa157,logistic,conditional,32,127,iid,main,3372,torch-2.11.0+cu128-cuda-Tesla T4
HAR_Dirichlet,fe64b33cdf751a8ae4e6,logistic,conditional,32,137,iid,main,3372,torch-2.11.0+cu128-cuda-Tesla T4
HAR_Dirichlet,ff92d43cced80e2151b9,logistic,naive,128,23,iid,main,3372,torch-2.11.0+cu128-cuda-Tesla T4
PAMAP2_subject,00ac3b1401cce82f6a59,logistic,fixed_k,32,47,iid,main,1236,torch-2.11.0+cu128-cuda-Tesla T4
PAMAP2_subject,01c1cdaf7913a9377a00,logistic,conditional,32,149,iid,main,1236,torch-2.11.0+cu128-cuda-Tesla T4
PAMAP2_subject,02b8ca00fbe211799957,logistic,conditional,128,137,markov,channel_robustness,1236,torch-2.11.0+cu128-cuda-Tesla T4
PAMAP2_subject,0356e1c77828a119b600,logistic,conditional,32,97,iid,main,1236,torch-2.11.0+cu128-cuda-Tesla T4
PAMAP2_subject,038ea7a49e3e2053a967,mlp,conditional,128,101,iid,mlp_robustness,22220,torch-2.11.0+cu128-cuda-Tesla T4
PAMAP2_subject,03deb305350a225d7815,logistic,mean_length,32,59,iid,main,1236,torch-2.11.0+cu128-cuda-Tesla T4
PAMAP2_subject,0523d9f44d7191a2502f,logistic,fixed_k,128,101,markov,channel_robustness,1236,torch-2.11.0+cu128-cuda-Tesla T4
PAMAP2_subject,0558353f4c1e55260d87,logistic,estimated_conditional,32,127,iid,main,1236,torch-2.11.0+cu128-cuda-Tesla T4
PAMAP2_subject,05c42ce5396f86b9abc9,logistic,conditional,512,11,iid,main,1236,torch-2.11.0+cu128-cuda-Tesla T4
PAMAP2_subject,066f68ac2bcf3dcc7099,logistic,naive,128,149,iid,main,1236,torch-2.11.0+cu128-cuda-Tesla T4
PAMAP2_subject,067ba8485d569084b73e,logistic,mean_length,32,67,iid,main,1236,torch-2.11.0+cu128-cuda-Tesla T4
PAMAP2_subject,06ce537c80efc7c3dbef,logistic,mean_length,128,23,iid,main,1236,torch-2.11.0+cu128-cuda-Tesla T4
PAMAP2_subject,0704fe1e6ef552cbb6c7,logistic,fixed_k,128,59,markov,channel_robustness,1236,torch-2.11.0+cu128-cuda-Tesla T4
PAMAP2_subject,07de93246ffc73858506,logistic,naive,512,137,iid,main,1236,torch-2.11.0+cu128-cuda-Tesla T4
PAMAP2_subject,0b76a06ea3e5c32a4078,logistic,conditional,512,83,iid,main,1236,torch-2.11.0+cu128-cuda-Tesla T4
PAMAP2_subject,0c3ad3119a4700eb7d27,mlp,fixed_k,128,127,iid,mlp_robustness,22220,torch-2.11.0+cu128-cuda-Tesla T4
PAMAP2_subject,1179c6dedcb82d52fd15,logistic,conditional,128,127,markov,channel_robustness,1236,torch-2.11.0+cu128-cuda-Tesla T4
PAMAP2_subject,1263f6842c397d25809f,logistic,client_ema,512,11,iid,main,1236,torch-2.11.0+cu128-cuda-Tesla T4
PAMAP2_subject,12783b6e63512c59b2df,mlp,conditional,128,67,iid,mlp_robustness,22220,torch-2.11.0+cu128-cuda-Tesla T4
PAMAP2_subject,13aa8f178fe093fadc71,logistic,fixed_k,32,101,iid,main,1236,torch-2.11.0+cu128-cuda-Tesla T4
PAMAP2_subject,16e801396eda7534d27a,mlp,conditional,128,137,iid,mlp_robustness,22220,torch-2.11.0+cu128-cuda-Tesla T4
PAMAP2_subject,17131f970cc1badeb3d9,mlp,conditional,128,23,iid,mlp_robustness,22220,torch-2.11.0+cu128-cuda-Tesla T4
PAMAP2_subject,17d7f46c88d193e94ac1,logistic,conditional,32,83,iid,main,1236,torch-2.11.0+cu128-cuda-Tesla T4
PAMAP2_subject,18f86eb5531b1d63fa34,logistic,fixed_k,512,113,iid,main,1236,torch-2.11.0+cu128-cuda-Tesla T4
PAMAP2_subject,19cfb1a684f961990691,logistic,conditional,512,137,iid,main,1236,torch-2.11.0+cu128-cuda-Tesla T4
PAMAP2_subject,1a535d8522c207b1e755,logistic,conditional,32,47,iid,main,1236,torch-2.11.0+cu128-cuda-Tesla T4
PAMAP2_subject,1a7fcd83ed2b1a9ca593,logistic,mean_length,512,127,iid,main,1236,torch-2.11.0+cu128-cuda-Tesla T4
PAMAP2_subject,1ac5f8ba2b4e84870db4,logistic,mean_length,128,83,iid,main,1236,torch-2.11.0+cu128-cuda-Tesla T4
PAMAP2_subject,1b24616701ef33d02ff7,logistic,estimated_conditional,512,47,iid,main,1236,torch-2.11.0+cu128-cuda-Tesla T4
PAMAP2_subject,1b49d83aed9b7d845a4f,logistic,naive,512,47,iid,main,1236,torch-2.11.0+cu128-cuda-Tesla T4
PAMAP2_subject,1c1c833cfdc034ba8664,logistic,fixed_k,32,67,iid,main,1236,torch-2.11.0+cu128-cuda-Tesla T4
PAMAP2_subject,1c235c4b3d576908c274,mlp,conditional,128,97,iid,mlp_robustness,22220,torch-2.11.0+cu128-cuda-Tesla T4
PAMAP2_subject,1c656dba45172b14469d,logistic,naive,128,137,iid,main,1236,torch-2.11.0+cu128-cuda-Tesla T4
PAMAP2_subject,1e9eca25cc7da2c9355c,logistic,fixed_k,512,47,iid,main,1236,torch-2.11.0+cu128-cuda-Tesla T4
PAMAP2_subject,1ee07bb45aea63493e8c,logistic,conditional,128,67,iid,main,1236,torch-2.11.0+cu128-cuda-Tesla T4
PAMAP2_subject,1f0135871ebe34e1ae7d,logistic,naive,512,149,iid,main,1236,torch-2.11.0+cu128-cuda-Tesla T4
PAMAP2_subject,1f701aa276a7c414feab,logistic,mean_length,128,113,iid,main,1236,torch-2.11.0+cu128-cuda-Tesla T4
PAMAP2_subject,21178d4919e2d21f8f1a,logistic,mean_length,128,47,iid,main,1236,torch-2.11.0+cu128-cuda-Tesla T4
PAMAP2_subject,212ebad6c0246f19007c,logistic,fixed_k,32,113,iid,main,1236,torch-2.11.0+cu128-cuda-Tesla T4
PAMAP2_subject,21bd5c79a2abb5ab8ab9,logistic,fixed_k,32,11,iid,main,1236,torch-2.11.0+cu128-cuda-Tesla T4
PAMAP2_subject,2237ac3a8ad3eba7b120,logistic,fixed_k,128,11,markov,channel_robustness,1236,torch-2.11.0+cu128-cuda-Tesla T4
PAMAP2_subject,2241687557704c465104,logistic,client_ema,32,11,iid,main,1236,torch-2.11.0+cu128-cuda-Tesla T4
PAMAP2_subject,225c37d1d562dfa1644f,logistic,mean_length,128,137,iid,main,1236,torch-2.11.0+cu128-cuda-Tesla T4
PAMAP2_subject,23b6798713be9cf39999,logistic,client_ema,512,59,iid,main,1236,torch-2.11.0+cu128-cuda-Tesla T4
PAMAP2_subject,23d2b73cd3bb59849bea,logistic,naive,512,127,iid,main,1236,torch-2.11.0+cu128-cuda-Tesla T4
PAMAP2_subject,2617a11dd38c8011b928,logistic,fixed_k,128,127,iid,main,1236,torch-2.11.0+cu128-cuda-Tesla T4
PAMAP2_subject,26ffe024ff75889180f2,logistic,conditional,128,101,iid,main,1236,torch-2.11.0+cu128-cuda-Tesla T4
PAMAP2_subject,28ac2ad2d61cff7977b3,logistic,client_ema,128,11,iid,main,1236,torch-2.11.0+cu128-cuda-Tesla T4
PAMAP2_subject,28de72819670562b639c,logistic,conditional,128,11,markov,channel_robustness,1236,torch-2.11.0+cu128-cuda-Tesla T4
PAMAP2_subject,296c8247db2741403653,logistic,client_ema,512,137,iid,main,1236,torch-2.11.0+cu128-cuda-Tesla T4
PAMAP2_subject,29ea803df8dbbf5c9da0,logistic,client_ema,32,47,iid,main,1236,torch-2.11.0+cu128-cuda-Tesla T4
PAMAP2_subject,2a98715f955f9ce53ef6,logistic,client_ema,32,59,iid,main,1236,torch-2.11.0+cu128-cuda-Tesla T4
PAMAP2_subject,2aa8a2ddb50c3653af82,mlp,fixed_k,128,149,iid,mlp_robustness,22220,torch-2.11.0+cu128-cuda-Tesla T4
PAMAP2_subject,2c0c0afe57c2b2228212,logistic,fixed_k,32,97,iid,main,1236,torch-2.11.0+cu128-cuda-Tesla T4
PAMAP2_subject,2c4eb7d4ef6443ff4cb6,logistic,conditional,128,83,iid,main,1236,torch-2.11.0+cu128-cuda-Tesla T4
PAMAP2_subject,2c7bc46a1b7f9ecf5c5a,logistic,naive,512,23,iid,main,1236,torch-2.11.0+cu128-cuda-Tesla T4
PAMAP2_subject,2d2ce3d43fa0794f2f6a,logistic,fixed_k,512,149,iid,main,1236,torch-2.11.0+cu128-cuda-Tesla T4
PAMAP2_subject,2d5dcee6c4c9cdc7712a,logistic,naive,32,97,iid,main,1236,torch-2.11.0+cu128-cuda-Tesla T4
PAMAP2_subject,2eacd1d1acdd6ff5c618,logistic,fixed_k,128,47,markov,channel_robustness,1236,torch-2.11.0+cu128-cuda-Tesla T4
PAMAP2_subject,2eae7838a01bbfe07051,logistic,estimated_conditional,128,149,iid,main,1236,torch-2.11.0+cu128-cuda-Tesla T4
PAMAP2_subject,2ed01312d6ee640b3796,logistic,client_ema,128,59,iid,main,1236,torch-2.11.0+cu128-cuda-Tesla T4
PAMAP2_subject,2f850f23394064ae8039,mlp,fixed_k,128,97,iid,mlp_robustness,22220,torch-2.11.0+cu128-cuda-Tesla T4
PAMAP2_subject,300ab16f716af5f34fc7,logistic,estimated_conditional,512,101,iid,main,1236,torch-2.11.0+cu128-cuda-Tesla T4
PAMAP2_subject,3135c72b4926e48b867c,logistic,mean_length,512,113,iid,main,1236,torch-2.11.0+cu128-cuda-Tesla T4
PAMAP2_subject,32333ed156b5e7038f03,logistic,client_ema,32,83,iid,main,1236,torch-2.11.0+cu128-cuda-Tesla T4
PAMAP2_subject,32eed9daf64bca99f9ed,logistic,mean_length,32,137,iid,main,1236,torch-2.11.0+cu128-cuda-Tesla T4
PAMAP2_subject,32fa60e7dc8b6b3f49fb,logistic,fixed_k,512,59,iid,main,1236,torch-2.11.0+cu128-cuda-Tesla T4
PAMAP2_subject,3442a9b425005fb945da,logistic,naive,128,11,iid,main,1236,torch-2.11.0+cu128-cuda-Tesla T4
PAMAP2_subject,361973ff482788f20e81,mlp,fixed_k,128,59,iid,mlp_robustness,22220,torch-2.11.0+cu128-cuda-Tesla T4
PAMAP2_subject,36bde2ad1d60f3d6a828,logistic,estimated_conditional,512,83,iid,main,1236,torch-2.11.0+cu128-cuda-Tesla T4
PAMAP2_subject,3a99652614a2f67bc8f6,logistic,estimated_conditional,32,59,iid,main,1236,torch-2.11.0+cu128-cuda-Tesla T4
PAMAP2_subject,3ab6322ecb43376791a6,logistic,fixed_k,128,83,iid,main,1236,torch-2.11.0+cu128-cuda-Tesla T4
PAMAP2_subject,3acc2260bb73e7547ca0,logistic,mean_length,32,83,iid,main,1236,torch-2.11.0+cu128-cuda-Tesla T4
PAMAP2_subject,3c9940a098236bed420a,logistic,mean_length,512,101,iid,main,1236,torch-2.11.0+cu128-cuda-Tesla T4
PAMAP2_subject,3c9c40adca3d63c09f2f,logistic,client_ema,32,137,iid,main,1236,torch-2.11.0+cu128-cuda-Tesla T4
PAMAP2_subject,3d2c99902b381c25c4f5,logistic,fixed_k,128,127,markov,channel_robustness,1236,torch-2.11.0+cu128-cuda-Tesla T4
PAMAP2_subject,3d8f42ddbffb3338c700,logistic,conditional,32,67,iid,main,1236,torch-2.11.0+cu128-cuda-Tesla T4
PAMAP2_subject,3e61041b0f5249cab035,logistic,naive,32,101,iid,main,1236,torch-2.11.0+cu128-cuda-Tesla T4
PAMAP2_subject,3f513cfe11d9b882b9ab,logistic,estimated_conditional,128,97,iid,main,1236,torch-2.11.0+cu128-cuda-Tesla T4
PAMAP2_subject,3ff804034f0894a2243e,logistic,naive,32,113,iid,main,1236,torch-2.11.0+cu128-cuda-Tesla T4
PAMAP2_subject,409664013611e03fa123,logistic,client_ema,32,67,iid,main,1236,torch-2.11.0+cu128-cuda-Tesla T4
PAMAP2_subject,40e60186d02aaaf7ceeb,mlp,fixed_k,128,47,iid,mlp_robustness,22220,torch-2.11.0+cu128-cuda-Tesla T4
PAMAP2_subject,419e9a71a068b7437909,logistic,naive,128,127,iid,main,1236,torch-2.11.0+cu128-cuda-Tesla T4
PAMAP2_subject,42a79f4b5ad99416d65b,logistic,mean_length,32,97,iid,main,1236,torch-2.11.0+cu128-cuda-Tesla T4
PAMAP2_subject,43c21721fd38468b193f,logistic,conditional,32,101,iid,main,1236,torch-2.11.0+cu128-cuda-Tesla T4
PAMAP2_subject,45d0fcd4a269e3f2a9d6,logistic,client_ema,512,67,iid,main,1236,torch-2.11.0+cu128-cuda-Tesla T4
PAMAP2_subject,4874127d03aeac990f80,logistic,fixed_k,32,149,iid,main,1236,torch-2.11.0+cu128-cuda-Tesla T4
PAMAP2_subject,48f54b422bbbf428ee4b,mlp,fixed_k,128,67,iid,mlp_robustness,22220,torch-2.11.0+cu128-cuda-Tesla T4
PAMAP2_subject,4b9b2269f0955afb995a,logistic,conditional,128,97,iid,main,1236,torch-2.11.0+cu128-cuda-Tesla T4
PAMAP2_subject,4bd1fc3eb42abd1fa832,logistic,mean_length,512,67,iid,main,1236,torch-2.11.0+cu128-cuda-Tesla T4
PAMAP2_subject,4bd4473cd35cfeb8b1f3,logistic,client_ema,32,101,iid,main,1236,torch-2.11.0+cu128-cuda-Tesla T4
PAMAP2_subject,4e810385e56325ee8dbb,logistic,mean_length,128,127,iid,main,1236,torch-2.11.0+cu128-cuda-Tesla T4
PAMAP2_subject,4f139e7d3a0c908197c8,logistic,fixed_k,32,83,iid,main,1236,torch-2.11.0+cu128-cuda-Tesla T4
PAMAP2_subject,5641f232cacab5d3c657,logistic,conditional,512,101,iid,main,1236,torch-2.11.0+cu128-cuda-Tesla T4
PAMAP2_subject,56a6e518b62e90466584,logistic,mean_length,32,47,iid,main,1236,torch-2.11.0+cu128-cuda-Tesla T4
PAMAP2_subject,58bab8f3bed2d25ce104,logistic,conditional,128,97,markov,channel_robustness,1236,torch-2.11.0+cu128-cuda-Tesla T4
PAMAP2_subject,5b4a4820a455b35448de,logistic,fixed_k,128,97,markov,channel_robustness,1236,torch-2.11.0+cu128-cuda-Tesla T4
PAMAP2_subject,5ce63234fcc2354931e5,logistic,client_ema,32,23,iid,main,1236,torch-2.11.0+cu128-cuda-Tesla T4
PAMAP2_subject,5e4e084cedfa5bccf594,logistic,estimated_conditional,32,67,iid,main,1236,torch-2.11.0+cu128-cuda-Tesla T4
PAMAP2_subject,5e9b8647ac3447657ded,logistic,naive,128,59,iid,main,1236,torch-2.11.0+cu128-cuda-Tesla T4
PAMAP2_subject,61249242be057031b135,logistic,mean_length,512,47,iid,main,1236,torch-2.11.0+cu128-cuda-Tesla T4
PAMAP2_subject,6202796c541add605adf,logistic,estimated_conditional,128,59,iid,main,1236,torch-2.11.0+cu128-cuda-Tesla T4
PAMAP2_subject,623fc7e6650e0db622d9,logistic,naive,512,113,iid,main,1236,torch-2.11.0+cu128-cuda-Tesla T4
PAMAP2_subject,62ea51bb3d9a0927e2c6,logistic,naive,32,83,iid,main,1236,torch-2.11.0+cu128-cuda-Tesla T4
PAMAP2_subject,630dbd8636ea27ec03d2,logistic,client_ema,512,97,iid,main,1236,torch-2.11.0+cu128-cuda-Tesla T4
PAMAP2_subject,636de809e8734ff75f56,logistic,estimated_conditional,128,137,iid,main,1236,torch-2.11.0+cu128-cuda-Tesla T4
PAMAP2_subject,65437170058dfb5cd428,logistic,mean_length,512,11,iid,main,1236,torch-2.11.0+cu128-cuda-Tesla T4
PAMAP2_subject,66373ec611b1b12a5dd3,logistic,naive,128,67,iid,main,1236,torch-2.11.0+cu128-cuda-Tesla T4
PAMAP2_subject,67c5a91b5435b545dcd3,logistic,mean_length,128,67,iid,main,1236,torch-2.11.0+cu128-cuda-Tesla T4
PAMAP2_subject,6804bfc2e8159852f6c7,logistic,estimated_conditional,128,101,iid,main,1236,torch-2.11.0+cu128-cuda-Tesla T4
PAMAP2_subject,699ff5f5ba410b3c0faa,logistic,estimated_conditional,512,11,iid,main,1236,torch-2.11.0+cu128-cuda-Tesla T4
PAMAP2_subject,69a0abe9a578e6469db3,mlp,conditional,128,59,iid,mlp_robustness,22220,torch-2.11.0+cu128-cuda-Tesla T4
PAMAP2_subject,6ae0af33c87f3ffa3b68,mlp,fixed_k,128,11,iid,mlp_robustness,22220,torch-2.11.0+cu128-cuda-Tesla T4
PAMAP2_subject,6b043e5d20b3afa73f53,logistic,naive,128,47,iid,main,1236,torch-2.11.0+cu128-cuda-Tesla T4
PAMAP2_subject,6b8fbfa16b038d79dc81,logistic,conditional,512,149,iid,main,1236,torch-2.11.0+cu128-cuda-Tesla T4
PAMAP2_subject,6bd23591766c395314a0,logistic,conditional,32,11,iid,main,1236,torch-2.11.0+cu128-cuda-Tesla T4
PAMAP2_subject,6c5cf242cebeb7892f60,logistic,conditional,128,137,iid,main,1236,torch-2.11.0+cu128-cuda-Tesla T4
PAMAP2_subject,6e47ced14b3ced2b9f74,mlp,conditional,128,11,iid,mlp_robustness,22220,torch-2.11.0+cu128-cuda-Tesla T4
PAMAP2_subject,6e8951c85ffbeb87b8a4,logistic,naive,512,101,iid,main,1236,torch-2.11.0+cu128-cuda-Tesla T4
PAMAP2_subject,6ee596cbe5255a29901e,logistic,fixed_k,128,23,iid,main,1236,torch-2.11.0+cu128-cuda-Tesla T4
PAMAP2_subject,70a88aaf3e21b9a1ad7a,logistic,fixed_k,128,149,iid,main,1236,torch-2.11.0+cu128-cuda-Tesla T4
PAMAP2_subject,70b08cd4c14ee23a982a,logistic,fixed_k,512,11,iid,main,1236,torch-2.11.0+cu128-cuda-Tesla T4
PAMAP2_subject,711e641aa7d4fbdf541b,logistic,estimated_conditional,512,137,iid,main,1236,torch-2.11.0+cu128-cuda-Tesla T4
PAMAP2_subject,71914fedd6c32cb9c3a9,logistic,naive,512,67,iid,main,1236,torch-2.11.0+cu128-cuda-Tesla T4
PAMAP2_subject,71d622be3180d0ac6905,logistic,client_ema,512,149,iid,main,1236,torch-2.11.0+cu128-cuda-Tesla T4
PAMAP2_subject,72750c1c54faa8c731d8,logistic,conditional,128,149,iid,main,1236,torch-2.11.0+cu128-cuda-Tesla T4
PAMAP2_subject,729ad031a2eb0e18bbed,logistic,conditional,128,47,markov,channel_robustness,1236,torch-2.11.0+cu128-cuda-Tesla T4
PAMAP2_subject,7415c99a9f9a150c08b5,logistic,mean_length,128,11,iid,main,1236,torch-2.11.0+cu128-cuda-Tesla T4
PAMAP2_subject,7545e8c964f11a40fdaa,logistic,fixed_k,128,59,iid,main,1236,torch-2.11.0+cu128-cuda-Tesla T4
PAMAP2_subject,76ef4f68e1887709ef33,logistic,estimated_conditional,32,47,iid,main,1236,torch-2.11.0+cu128-cuda-Tesla T4
PAMAP2_subject,77b00003cd48c41d3ec1,mlp,conditional,128,113,iid,mlp_robustness,22220,torch-2.11.0+cu128-cuda-Tesla T4
PAMAP2_subject,7a5826e170d5a8229eb6,logistic,client_ema,512,113,iid,main,1236,torch-2.11.0+cu128-cuda-Tesla T4
PAMAP2_subject,7bbaef698eec0deb3db6,logistic,conditional,128,101,markov,channel_robustness,1236,torch-2.11.0+cu128-cuda-Tesla T4
PAMAP2_subject,7bbb6663212112f4ac79,mlp,fixed_k,128,83,iid,mlp_robustness,22220,torch-2.11.0+cu128-cuda-Tesla T4
PAMAP2_subject,7c4654d2eef0dfc48385,logistic,mean_length,512,97,iid,main,1236,torch-2.11.0+cu128-cuda-Tesla T4
PAMAP2_subject,7fd6754ca94b00400a0a,logistic,fixed_k,128,67,markov,channel_robustness,1236,torch-2.11.0+cu128-cuda-Tesla T4
PAMAP2_subject,819519f41ccef3b715f2,logistic,fixed_k,128,113,markov,channel_robustness,1236,torch-2.11.0+cu128-cuda-Tesla T4
PAMAP2_subject,81cfcec6dadb719f8e91,logistic,conditional,128,113,iid,main,1236,torch-2.11.0+cu128-cuda-Tesla T4
PAMAP2_subject,81d6a0a4a279882a81a2,logistic,client_ema,32,97,iid,main,1236,torch-2.11.0+cu128-cuda-Tesla T4
PAMAP2_subject,824f6e9c51a59f3bc8eb,logistic,mean_length,32,113,iid,main,1236,torch-2.11.0+cu128-cuda-Tesla T4
PAMAP2_subject,83f40cf892a39191f07e,logistic,mean_length,512,83,iid,main,1236,torch-2.11.0+cu128-cuda-Tesla T4
PAMAP2_subject,850d49c5aadc861098a9,logistic,naive,512,83,iid,main,1236,torch-2.11.0+cu128-cuda-Tesla T4
PAMAP2_subject,852f861898275cd1b69a,logistic,estimated_conditional,32,97,iid,main,1236,torch-2.11.0+cu128-cuda-Tesla T4
PAMAP2_subject,8583c90b92c8c24013b3,logistic,estimated_conditional,512,67,iid,main,1236,torch-2.11.0+cu128-cuda-Tesla T4
PAMAP2_subject,8584cf9536ee04827036,logistic,client_ema,128,101,iid,main,1236,torch-2.11.0+cu128-cuda-Tesla T4
PAMAP2_subject,86fb6cd7a4b221639ed4,logistic,conditional,32,127,iid,main,1236,torch-2.11.0+cu128-cuda-Tesla T4
PAMAP2_subject,8731e94221e5bf303080,logistic,mean_length,128,97,iid,main,1236,torch-2.11.0+cu128-cuda-Tesla T4
PAMAP2_subject,88817518115c33bd4f7e,logistic,estimated_conditional,512,113,iid,main,1236,torch-2.11.0+cu128-cuda-Tesla T4
PAMAP2_subject,89720672d9a54b13877e,logistic,estimated_conditional,32,83,iid,main,1236,torch-2.11.0+cu128-cuda-Tesla T4
PAMAP2_subject,8b6aaf75e1c843204509,mlp,fixed_k,128,23,iid,mlp_robustness,22220,torch-2.11.0+cu128-cuda-Tesla T4
PAMAP2_subject,8b838a157aece9b04cfc,logistic,estimated_conditional,32,23,iid,main,1236,torch-2.11.0+cu128-cuda-Tesla T4
PAMAP2_subject,8b858e292534975cf3c5,logistic,fixed_k,128,113,iid,main,1236,torch-2.11.0+cu128-cuda-Tesla T4
PAMAP2_subject,8c3427fc67ec8bf21bb8,mlp,conditional,128,83,iid,mlp_robustness,22220,torch-2.11.0+cu128-cuda-Tesla T4
PAMAP2_subject,8d7d0928edfbcf7f3660,logistic,naive,32,127,iid,main,1236,torch-2.11.0+cu128-cuda-Tesla T4
PAMAP2_subject,8ec65a76c89c10ed3536,logistic,estimated_conditional,512,149,iid,main,1236,torch-2.11.0+cu128-cuda-Tesla T4
PAMAP2_subject,90cd2f0466ab96c9b7de,logistic,estimated_conditional,128,47,iid,main,1236,torch-2.11.0+cu128-cuda-Tesla T4
PAMAP2_subject,915fca45afa40196dc93,logistic,fixed_k,128,11,iid,main,1236,torch-2.11.0+cu128-cuda-Tesla T4
PAMAP2_subject,94c6199284c786c970a9,logistic,mean_length,32,11,iid,main,1236,torch-2.11.0+cu128-cuda-Tesla T4
PAMAP2_subject,96454eef9f64b15242d2,mlp,conditional,128,47,iid,mlp_robustness,22220,torch-2.11.0+cu128-cuda-Tesla T4
PAMAP2_subject,97310b5bf6f65c1a4345,logistic,conditional,128,67,markov,channel_robustness,1236,torch-2.11.0+cu128-cuda-Tesla T4
PAMAP2_subject,97515efdbb2bcc3ad2dc,logistic,naive,32,47,iid,main,1236,torch-2.11.0+cu128-cuda-Tesla T4
PAMAP2_subject,97674eba18ea37b3b57d,logistic,conditional,32,23,iid,main,1236,torch-2.11.0+cu128-cuda-Tesla T4
PAMAP2_subject,9abca7477fba26469010,mlp,conditional,128,149,iid,mlp_robustness,22220,torch-2.11.0+cu128-cuda-Tesla T4
PAMAP2_subject,9d4073a84398fa39daed,logistic,estimated_conditional,32,101,iid,main,1236,torch-2.11.0+cu128-cuda-Tesla T4
PAMAP2_subject,9e939c967fc751da1be4,logistic,mean_length,512,149,iid,main,1236,torch-2.11.0+cu128-cuda-Tesla T4
PAMAP2_subject,a04d1c5452dd7648f0a9,logistic,naive,128,101,iid,main,1236,torch-2.11.0+cu128-cuda-Tesla T4
PAMAP2_subject,a118185c3d8d9909d452,logistic,mean_length,512,23,iid,main,1236,torch-2.11.0+cu128-cuda-Tesla T4
PAMAP2_subject,a3c98ed19df3e76c9a4a,logistic,client_ema,512,101,iid,main,1236,torch-2.11.0+cu128-cuda-Tesla T4
PAMAP2_subject,a3e6486c4471231d1129,logistic,fixed_k,128,23,markov,channel_robustness,1236,torch-2.11.0+cu128-cuda-Tesla T4
PAMAP2_subject,a6a38452b621c26d1606,mlp,fixed_k,128,101,iid,mlp_robustness,22220,torch-2.11.0+cu128-cuda-Tesla T4
PAMAP2_subject,a832983411485e6ed65c,logistic,estimated_conditional,128,113,iid,main,1236,torch-2.11.0+cu128-cuda-Tesla T4
PAMAP2_subject,a94eedac2d1d443f7710,logistic,conditional,128,23,markov,channel_robustness,1236,torch-2.11.0+cu128-cuda-Tesla T4
PAMAP2_subject,aa0990f52c84f958396e,logistic,fixed_k,32,23,iid,main,1236,torch-2.11.0+cu128-cuda-Tesla T4
PAMAP2_subject,aa8259ad906466285c15,logistic,conditional,512,47,iid,main,1236,torch-2.11.0+cu128-cuda-Tesla T4
PAMAP2_subject,aff13d546bfbf40e423b,logistic,fixed_k,512,97,iid,main,1236,torch-2.11.0+cu128-cuda-Tesla T4
PAMAP2_subject,b01b2c8ab31cf5925bb8,logistic,conditional,128,149,markov,channel_robustness,1236,torch-2.11.0+cu128-cuda-Tesla T4
PAMAP2_subject,b05bada5e05c9acbc732,logistic,fixed_k,128,97,iid,main,1236,torch-2.11.0+cu128-cuda-Tesla T4
PAMAP2_subject,b0720cb59934d00c5ee5,mlp,fixed_k,128,137,iid,mlp_robustness,22220,torch-2.11.0+cu128-cuda-Tesla T4
PAMAP2_subject,b0879768f8c6d3964f31,logistic,mean_length,32,127,iid,main,1236,torch-2.11.0+cu128-cuda-Tesla T4
PAMAP2_subject,b144d9221435b608d8ce,logistic,conditional,128,11,iid,main,1236,torch-2.11.0+cu128-cuda-Tesla T4
PAMAP2_subject,b25f8b860fa311f2ea31,logistic,client_ema,128,127,iid,main,1236,torch-2.11.0+cu128-cuda-Tesla T4
PAMAP2_subject,b2a1bef428f627d61e56,logistic,naive,128,83,iid,main,1236,torch-2.11.0+cu128-cuda-Tesla T4
PAMAP2_subject,b47e109bf25f42ef08d2,logistic,mean_length,128,101,iid,main,1236,torch-2.11.0+cu128-cuda-Tesla T4
PAMAP2_subject,b480dfa3f0257fbd8ef0,logistic,client_ema,512,47,iid,main,1236,torch-2.11.0+cu128-cuda-Tesla T4
PAMAP2_subject,b58ed4bb556a8791fe4e,logistic,estimated_conditional,128,11,iid,main,1236,torch-2.11.0+cu128-cuda-Tesla T4
PAMAP2_subject,b62a15322e1f7cf1aff8,logistic,estimated_conditional,512,127,iid,main,1236,torch-2.11.0+cu128-cuda-Tesla T4
PAMAP2_subject,b636b470d826f3bad87b,logistic,naive,32,11,iid,main,1236,torch-2.11.0+cu128-cuda-Tesla T4
PAMAP2_subject,b8fc1b95c32166339e7d,logistic,client_ema,512,83,iid,main,1236,torch-2.11.0+cu128-cuda-Tesla T4
PAMAP2_subject,b9987f210b7930f86ab9,logistic,client_ema,128,149,iid,main,1236,torch-2.11.0+cu128-cuda-Tesla T4
PAMAP2_subject,bac12ad1ca172ae63cf2,logistic,fixed_k,512,101,iid,main,1236,torch-2.11.0+cu128-cuda-Tesla T4
PAMAP2_subject,bb447fc9294b649f6d25,logistic,client_ema,128,23,iid,main,1236,torch-2.11.0+cu128-cuda-Tesla T4
PAMAP2_subject,bdeb39c47998ef95280d,logistic,fixed_k,512,127,iid,main,1236,torch-2.11.0+cu128-cuda-Tesla T4
PAMAP2_subject,bf4a6181af8d2de6c5be,logistic,client_ema,512,23,iid,main,1236,torch-2.11.0+cu128-cuda-Tesla T4
PAMAP2_subject,c1fafd2733cbfbfcc36f,logistic,conditional,512,23,iid,main,1236,torch-2.11.0+cu128-cuda-Tesla T4
PAMAP2_subject,c2daaab29435712a09a1,logistic,conditional,32,113,iid,main,1236,torch-2.11.0+cu128-cuda-Tesla T4
PAMAP2_subject,c3ad5d8bf2f68e5e780e,logistic,estimated_conditional,128,127,iid,main,1236,torch-2.11.0+cu128-cuda-Tesla T4
PAMAP2_subject,c4015f29b73ce958dbf5,mlp,conditional,128,127,iid,mlp_robustness,22220,torch-2.11.0+cu128-cuda-Tesla T4
PAMAP2_subject,c562910e49e766a273e4,logistic,conditional,128,59,iid,main,1236,torch-2.11.0+cu128-cuda-Tesla T4
PAMAP2_subject,c56cd1b181348e4092c2,logistic,client_ema,128,47,iid,main,1236,torch-2.11.0+cu128-cuda-Tesla T4
PAMAP2_subject,c5c252d6fb0729324bfa,logistic,fixed_k,128,137,markov,channel_robustness,1236,torch-2.11.0+cu128-cuda-Tesla T4
PAMAP2_subject,c602ff2bf52249b3ad4c,logistic,conditional,128,113,markov,channel_robustness,1236,torch-2.11.0+cu128-cuda-Tesla T4
PAMAP2_subject,c80184799d973f9b4be6,logistic,conditional,512,67,iid,main,1236,torch-2.11.0+cu128-cuda-Tesla T4
PAMAP2_subject,c95947c31a6ec5b3fbc7,logistic,estimated_conditional,128,67,iid,main,1236,torch-2.11.0+cu128-cuda-Tesla T4
PAMAP2_subject,ca14fe9050302e2c0578,logistic,fixed_k,512,23,iid,main,1236,torch-2.11.0+cu128-cuda-Tesla T4
PAMAP2_subject,cb0507b8a10776d6387b,logistic,mean_length,32,23,iid,main,1236,torch-2.11.0+cu128-cuda-Tesla T4
PAMAP2_subject,cb22ecb92201e8b4b44e,logistic,naive,32,23,iid,main,1236,torch-2.11.0+cu128-cuda-Tesla T4
PAMAP2_subject,cb3ed5e2be6d74bece17,logistic,estimated_conditional,512,23,iid,main,1236,torch-2.11.0+cu128-cuda-Tesla T4
PAMAP2_subject,cbeff2abaf515b1552ca,logistic,client_ema,32,113,iid,main,1236,torch-2.11.0+cu128-cuda-Tesla T4
PAMAP2_subject,cd0ec5c00d2f14cebe19,logistic,fixed_k,128,83,markov,channel_robustness,1236,torch-2.11.0+cu128-cuda-Tesla T4
PAMAP2_subject,cff6c16229df8961fcf5,logistic,estimated_conditional,128,23,iid,main,1236,torch-2.11.0+cu128-cuda-Tesla T4
PAMAP2_subject,d0029de69f2b4f561984,logistic,conditional,32,137,iid,main,1236,torch-2.11.0+cu128-cuda-Tesla T4
PAMAP2_subject,d05676af60d2d9c22e68,logistic,naive,128,113,iid,main,1236,torch-2.11.0+cu128-cuda-Tesla T4
PAMAP2_subject,d132c65443a42b58356c,logistic,fixed_k,128,67,iid,main,1236,torch-2.11.0+cu128-cuda-Tesla T4
PAMAP2_subject,d1668625a9093fb49058,logistic,mean_length,512,137,iid,main,1236,torch-2.11.0+cu128-cuda-Tesla T4
PAMAP2_subject,d3bef788f09910476645,logistic,conditional,128,83,markov,channel_robustness,1236,torch-2.11.0+cu128-cuda-Tesla T4
PAMAP2_subject,d5764590cdf1e86e1141,logistic,mean_length,128,59,iid,main,1236,torch-2.11.0+cu128-cuda-Tesla T4
PAMAP2_subject,d5af599a6c27e9696998,logistic,naive,32,59,iid,main,1236,torch-2.11.0+cu128-cuda-Tesla T4
PAMAP2_subject,d728ff7b5459e854855d,logistic,estimated_conditional,512,59,iid,main,1236,torch-2.11.0+cu128-cuda-Tesla T4
PAMAP2_subject,d77e82de2e55873b03da,logistic,naive,128,23,iid,main,1236,torch-2.11.0+cu128-cuda-Tesla T4
PAMAP2_subject,d95fc6bacd47c5983497,logistic,estimated_conditional,512,97,iid,main,1236,torch-2.11.0+cu128-cuda-Tesla T4
PAMAP2_subject,da2c574823b02d22b76d,logistic,client_ema,32,149,iid,main,1236,torch-2.11.0+cu128-cuda-Tesla T4
PAMAP2_subject,db5bf8d4b51bf80a7e49,logistic,conditional,128,59,markov,channel_robustness,1236,torch-2.11.0+cu128-cuda-Tesla T4
PAMAP2_subject,dd3494c35f813714af85,logistic,fixed_k,512,83,iid,main,1236,torch-2.11.0+cu128-cuda-Tesla T4
PAMAP2_subject,de03159ca4eccd49cc3e,logistic,conditional,512,127,iid,main,1236,torch-2.11.0+cu128-cuda-Tesla T4
PAMAP2_subject,e02266e1eaf7f5a9ab61,mlp,fixed_k,128,113,iid,mlp_robustness,22220,torch-2.11.0+cu128-cuda-Tesla T4
PAMAP2_subject,e07e0cb2cb1d8819f126,logistic,conditional,32,59,iid,main,1236,torch-2.11.0+cu128-cuda-Tesla T4
PAMAP2_subject,e1076587158c059d927a,logistic,fixed_k,32,137,iid,main,1236,torch-2.11.0+cu128-cuda-Tesla T4
PAMAP2_subject,e230f50b9baad517c1de,logistic,fixed_k,32,127,iid,main,1236,torch-2.11.0+cu128-cuda-Tesla T4
PAMAP2_subject,e2baf8fe4408a38e20c5,logistic,naive,512,59,iid,main,1236,torch-2.11.0+cu128-cuda-Tesla T4
PAMAP2_subject,e49eb79fc6600e773a11,logistic,fixed_k,128,149,markov,channel_robustness,1236,torch-2.11.0+cu128-cuda-Tesla T4
PAMAP2_subject,e51bb7e9a8a7af522fd6,logistic,fixed_k,512,67,iid,main,1236,torch-2.11.0+cu128-cuda-Tesla T4
PAMAP2_subject,e6aa8efc56f5bbde043c,logistic,naive,512,11,iid,main,1236,torch-2.11.0+cu128-cuda-Tesla T4
PAMAP2_subject,e764a25b533f23927b4b,logistic,naive,32,67,iid,main,1236,torch-2.11.0+cu128-cuda-Tesla T4
PAMAP2_subject,e86740f7751a4c1dd208,logistic,client_ema,32,127,iid,main,1236,torch-2.11.0+cu128-cuda-Tesla T4
PAMAP2_subject,e8f5d36eb1f93842c0de,logistic,client_ema,128,137,iid,main,1236,torch-2.11.0+cu128-cuda-Tesla T4
PAMAP2_subject,e969e9b09a997c0baed3,logistic,client_ema,128,97,iid,main,1236,torch-2.11.0+cu128-cuda-Tesla T4
PAMAP2_subject,eb55dffdcce048bdde2e,logistic,mean_length,32,149,iid,main,1236,torch-2.11.0+cu128-cuda-Tesla T4
PAMAP2_subject,ec3b6f8dc5205ab21ab0,logistic,naive,32,149,iid,main,1236,torch-2.11.0+cu128-cuda-Tesla T4
PAMAP2_subject,ec5843f0c18b105f4ee6,logistic,estimated_conditional,128,83,iid,main,1236,torch-2.11.0+cu128-cuda-Tesla T4
PAMAP2_subject,ed7153e9efcf5ed73e09,logistic,conditional,512,97,iid,main,1236,torch-2.11.0+cu128-cuda-Tesla T4
PAMAP2_subject,ee234fd09d92e63f4549,logistic,estimated_conditional,32,137,iid,main,1236,torch-2.11.0+cu128-cuda-Tesla T4
PAMAP2_subject,ee4b8bda5e44c9c1e929,logistic,fixed_k,32,59,iid,main,1236,torch-2.11.0+cu128-cuda-Tesla T4
PAMAP2_subject,ee7eee62e1bee10e1ab4,logistic,naive,32,137,iid,main,1236,torch-2.11.0+cu128-cuda-Tesla T4
PAMAP2_subject,ef86e872fd1524f80e26,logistic,mean_length,32,101,iid,main,1236,torch-2.11.0+cu128-cuda-Tesla T4
PAMAP2_subject,f05443ec12fe73830396,logistic,client_ema,128,83,iid,main,1236,torch-2.11.0+cu128-cuda-Tesla T4
PAMAP2_subject,f20fb48d8c2778caa9e4,logistic,naive,128,97,iid,main,1236,torch-2.11.0+cu128-cuda-Tesla T4
PAMAP2_subject,f2c2f41944774db04fdc,logistic,conditional,512,59,iid,main,1236,torch-2.11.0+cu128-cuda-Tesla T4
PAMAP2_subject,f3b8804eabff6318828d,logistic,estimated_conditional,32,113,iid,main,1236,torch-2.11.0+cu128-cuda-Tesla T4
PAMAP2_subject,f3f748e8c30047aa0a56,logistic,mean_length,512,59,iid,main,1236,torch-2.11.0+cu128-cuda-Tesla T4
PAMAP2_subject,f4a48649eb164ebd4d34,logistic,client_ema,128,67,iid,main,1236,torch-2.11.0+cu128-cuda-Tesla T4
PAMAP2_subject,f4ff897d1d37323bd6d9,logistic,naive,512,97,iid,main,1236,torch-2.11.0+cu128-cuda-Tesla T4
PAMAP2_subject,f60d5ab92d4046e5c103,logistic,conditional,128,23,iid,main,1236,torch-2.11.0+cu128-cuda-Tesla T4
PAMAP2_subject,f6117394a5022f42dacc,logistic,conditional,128,47,iid,main,1236,torch-2.11.0+cu128-cuda-Tesla T4
PAMAP2_subject,f6a725dd1b877e991c71,logistic,fixed_k,128,47,iid,main,1236,torch-2.11.0+cu128-cuda-Tesla T4
PAMAP2_subject,f7b445ecd45a9339a68c,logistic,mean_length,128,149,iid,main,1236,torch-2.11.0+cu128-cuda-Tesla T4
PAMAP2_subject,f7e8cf13c7bfbdd11f85,logistic,conditional,128,127,iid,main,1236,torch-2.11.0+cu128-cuda-Tesla T4
PAMAP2_subject,f84c5df24507265a43fb,logistic,estimated_conditional,32,149,iid,main,1236,torch-2.11.0+cu128-cuda-Tesla T4
PAMAP2_subject,f87c6fe758993876238a,logistic,fixed_k,512,137,iid,main,1236,torch-2.11.0+cu128-cuda-Tesla T4
PAMAP2_subject,fa8487b78beebfaa2097,logistic,client_ema,512,127,iid,main,1236,torch-2.11.0+cu128-cuda-Tesla T4
PAMAP2_subject,fad5110daff933e2a3a0,logistic,fixed_k,128,137,iid,main,1236,torch-2.11.0+cu128-cuda-Tesla T4
PAMAP2_subject,fadd6ed91e282a9a5820,logistic,estimated_conditional,32,11,iid,main,1236,torch-2.11.0+cu128-cuda-Tesla T4
PAMAP2_subject,fb797c425e5334cd97da,logistic,client_ema,128,113,iid,main,1236,torch-2.11.0+cu128-cuda-Tesla T4
PAMAP2_subject,fe01a298ee15d7213f2a,logistic,fixed_k,128,101,iid,main,1236,torch-2.11.0+cu128-cuda-Tesla T4
PAMAP2_subject,fed10652b7a724023be7,logistic,conditional,512,113,iid,main,1236,torch-2.11.0+cu128-cuda-Tesla T4
