study,k,seed,heldout_brier,probe_uplink_bytes,probe_sim_seconds
HAR_Dirichlet,32,127,0.1843177261284967,296632,0.5451386849195201
HAR_Dirichlet,128,59,0.1709808003662061,913136,1.6868313086708662
HAR_Dirichlet,512,149,0.15042077165008502,3403608,6.503347065121855
HAR_Dirichlet,512,127,0.17814773369070616,3464464,6.503347065121855
HAR_Dirichlet,32,59,0.16619093636952018,295344,0.5451386849195201
HAR_Dirichlet,128,11,0.19235274098978483,955048,1.6868313086708662
HAR_Dirichlet,128,97,0.1979644507500963,918976,1.6868313086708662
HAR_Dirichlet,32,113,0.18485070491851446,298544,0.5451386849195201
HAR_Dirichlet,32,11,0.2078959344647965,305392,0.5451386849195201
HAR_Dirichlet,128,149,0.15316150252591398,902992,1.6868313086708662
HAR_Dirichlet,32,97,0.2061027826263708,296768,0.5451386849195201
HAR_Dirichlet,128,113,0.15075417561881405,925808,1.6868313086708662
HAR_Dirichlet,128,127,0.17956243478644604,918136,1.6868313086708662
HAR_Dirichlet,128,67,0.17248059062221596,945200,1.6868313086708662
HAR_Dirichlet,512,67,0.17601130208642177,3569896,6.503347065121855
HAR_Dirichlet,512,47,0.13768460699249058,3474456,6.503347065121855
HAR_Dirichlet,32,101,0.19958640007825806,296448,0.5451386849195201
HAR_Dirichlet,128,137,0.16304300993855148,938656,1.6868313086708662
HAR_Dirichlet,512,11,0.19008915928655198,3609736,6.503347065121855
HAR_Dirichlet,32,83,0.16735720145374133,291896,0.5451386849195201
HAR_Dirichlet,32,137,0.1591756617037995,301584,0.5451386849195201
HAR_Dirichlet,512,113,0.14961665070834357,3496528,6.503347065121855
HAR_Dirichlet,32,23,0.1785922049512178,290896,0.5451386849195201
HAR_Dirichlet,128,101,0.18890632292371784,917552,1.6868313086708662
HAR_Dirichlet,512,137,0.16082727624959398,3547456,6.503347065121855
HAR_Dirichlet,128,83,0.15540979794866405,898832,1.6868313086708662
HAR_Dirichlet,32,67,0.1988181297939662,302944,0.5451386849195201
HAR_Dirichlet,128,47,0.13727980563205577,920592,1.6868313086708662
HAR_Dirichlet,32,47,0.15627338947419675,297232,0.5451386849195201
HAR_Dirichlet,512,97,0.19648442580857095,3466688,6.503347065121855
HAR_Dirichlet,512,101,0.18773726613900846,3461920,6.503347065121855
HAR_Dirichlet,128,23,0.17494356112401988,895096,1.6868313086708662
HAR_Dirichlet,512,59,0.16308433739017103,3442744,6.503347065121855
HAR_Dirichlet,32,149,0.16762203744948392,293056,0.5451386849195201
HAR_Dirichlet,512,23,0.17665180381745005,3369880,6.503347065121855
HAR_Dirichlet,512,83,0.15661690165492817,3385872,6.503347065121855
PAMAP2_subject,32,97,0.2232036952677128,100504,0.5451386849195201
PAMAP2_subject,32,23,0.15600484062717127,98192,0.5451386849195201
PAMAP2_subject,128,113,0.1928754783664889,310936,1.6868313086708662
PAMAP2_subject,512,59,0.20741623200192708,1104192,6.503347065121855
PAMAP2_subject,32,11,0.19052630324782457,100504,0.5451386849195201
PAMAP2_subject,128,23,0.16561024286196754,303144,1.6868313086708662
PAMAP2_subject,32,149,0.1941807381373092,98272,0.5451386849195201
PAMAP2_subject,128,11,0.20370042269011582,313136,1.6868313086708662
PAMAP2_subject,32,59,0.21905628132886124,95856,0.5451386849195201
PAMAP2_subject,128,149,0.1809986383850357,303744,1.6868313086708662
PAMAP2_subject,512,127,0.14504027392495258,1218400,6.503347065121855
PAMAP2_subject,128,127,0.14011796099826343,322144,1.6868313086708662
PAMAP2_subject,512,97,0.18343353741636123,1182432,6.503347065121855
PAMAP2_subject,32,47,0.1897227719935143,95384,0.5451386849195201
PAMAP2_subject,32,113,0.17836227939194993,100064,0.5451386849195201
PAMAP2_subject,512,47,0.20618962767034055,1096360,6.503347065121855
PAMAP2_subject,512,113,0.19231884174022693,1174128,6.503347065121855
PAMAP2_subject,128,101,0.15444564573666292,310096,1.6868313086708662
PAMAP2_subject,512,137,0.1452078141845519,1195552,6.503347065121855
PAMAP2_subject,32,137,0.14780933192289483,101328,0.5451386849195201
PAMAP2_subject,128,47,0.2071866556479556,291440,1.6868313086708662
PAMAP2_subject,512,23,0.16325836745865532,1143096,6.503347065121855
PAMAP2_subject,128,59,0.20527517739783985,293048,1.6868313086708662
PAMAP2_subject,512,101,0.15638598236096002,1170080,6.503347065121855
PAMAP2_subject,512,11,0.1887398275111455,1181536,6.503347065121855
PAMAP2_subject,32,127,0.18670133147847043,102712,0.5451386849195201
PAMAP2_subject,128,67,0.2206460874801273,307688,1.6868313086708662
PAMAP2_subject,128,137,0.14633983724395438,315944,1.6868313086708662
PAMAP2_subject,512,67,0.22281846978926237,1159240,6.503347065121855
PAMAP2_subject,32,67,0.22370105564063605,99184,0.5451386849195201
PAMAP2_subject,512,83,0.17456430386750058,1183792,6.503347065121855
PAMAP2_subject,32,83,0.19999348508626577,100608,0.5451386849195201
PAMAP2_subject,128,97,0.18363534442825702,312576,1.6868313086708662
PAMAP2_subject,32,101,0.1694021605940638,99808,0.5451386849195201
PAMAP2_subject,512,149,0.18094386871720483,1144768,6.503347065121855
PAMAP2_subject,128,83,0.17387863336730025,312984,1.6868313086708662
HAR_subject,32,101,0.19958640007825806,296448,0.5451386849195201
HAR_subject,128,149,0.15316150252591398,902992,1.6868313086708662
HAR_subject,512,11,0.19008915928655198,3609736,6.503347065121855
HAR_subject,32,83,0.16735720145374133,291896,0.5451386849195201
HAR_subject,512,137,0.16082727624959398,3547456,6.503347065121855
HAR_subject,512,59,0.16308433739017103,3442744,6.503347065121855
HAR_subject,32,23,0.1785922049512178,290896,0.5451386849195201
HAR_subject,512,113,0.14961665070834357,3496528,6.503347065121855
HAR_subject,128,97,0.1979644507500963,918976,1.6868313086708662
HAR_subject,32,127,0.1843177261284967,296632,0.5451386849195201
HAR_subject,32,11,0.2078959344647965,305392,0.5451386849195201
HAR_subject,128,23,0.17494356112401988,895096,1.6868313086708662
HAR_subject,32,113,0.18485070491851446,298544,0.5451386849195201
HAR_subject,128,67,0.17248059062221596,945200,1.6868313086708662
HAR_subject,512,97,0.19648442580857095,3466688,6.503347065121855
HAR_subject,128,83,0.15540979794866405,898832,1.6868313086708662
HAR_subject,512,67,0.17601130208642177,3569896,6.503347065121855
HAR_subject,512,47,0.13768460699249058,3474456,6.503347065121855
HAR_subject,32,149,0.16762203744948392,293056,0.5451386849195201
HAR_subject,128,47,0.13727980563205577,920592,1.6868313086708662
HAR_subject,32,59,0.16619093636952018,295344,0.5451386849195201
HAR_subject,128,101,0.18890632292371784,917552,1.6868313086708662
HAR_subject,512,23,0.17665180381745005,3369880,6.503347065121855
HAR_subject,32,97,0.2061027826263708,296768,0.5451386849195201
HAR_subject,32,137,0.1591756617037995,301584,0.5451386849195201
HAR_subject,32,67,0.1988181297939662,302944,0.5451386849195201
HAR_subject,128,137,0.16304300993855148,938656,1.6868313086708662
HAR_subject,512,83,0.15661690165492817,3385872,6.503347065121855
HAR_subject,128,127,0.17956243478644604,918136,1.6868313086708662
HAR_subject,128,59,0.1709808003662061,913136,1.6868313086708662
HAR_subject,128,113,0.15075417561881405,925808,1.6868313086708662
HAR_subject,512,149,0.15042077165008502,3403608,6.503347065121855
HAR_subject,32,47,0.15627338947419675,297232,0.5451386849195201
HAR_subject,512,127,0.17814773369070616,3464464,6.503347065121855
HAR_subject,128,11,0.19235274098978483,955048,1.6868313086708662
HAR_subject,512,101,0.18773726613900846,3461920,6.503347065121855
