k,target,method,source,relative_bias_norm,signed_projected_bias,projection_mc_halfwidth,gradient_direction_cosine,second_moment_ratio,mean_delivery_probability,payload_count_cv,deadline_seconds,mc_draws,study
128,0.35,naive,Rao-Blackwell Monte Carlo,0.6544611384415276,-0.654461099225104,0.0011825706895388255,0.9999997850399273,4.8216255245719335,0.3516492221087383,0.08530446938829964,0.02712500047113208,16384,HAR_subject
128,0.35,mean_length,Rao-Blackwell Monte Carlo,0.01276242493277745,-0.012745997786011359,0.003378773398682319,0.9999997850399271,39.360208363852536,0.3516492221087383,0.08530446938829964,0.02712500047113208,16384,HAR_subject
128,0.35,marginal_oracle,Rao-Blackwell Monte Carlo,0.017388123957029576,-0.017376183280601358,0.00010287202004256639,0.999999785039927,38.99187821974513,0.3516492221087383,0.08530446938829964,0.02712500047113208,16384,HAR_subject
128,0.35,conditional,analytic under stated assumptions,0.0,0.0,0.0,1.0,42.68112412871665,0.3516492221087383,0.08530446938829964,0.02712500047113208,0,HAR_subject
128,0.35,fixed_k,analytic under stated assumptions,0.0,0.0,0.0,1.0,,0.3499999999999999,0.0,0.02712500047113208,0,HAR_subject
128,0.65,naive,Rao-Blackwell Monte Carlo,0.3546697194277077,-0.3546696929041626,0.0007107175121104077,0.9999999774112849,9.007267904228122,0.6489992003319898,0.08530446938829964,0.04073226287862871,16384,HAR_subject
128,0.65,mean_length,Rao-Blackwell Monte Carlo,0.007187241492579429,-0.007184142929480638,0.0010934115570929337,0.9999999774112844,21.318977288113896,0.6489992003319898,0.08530446938829964,0.04073226287862871,16384,HAR_subject
128,0.65,marginal_oracle,Rao-Blackwell Monte Carlo,0.005657104591439173,-0.0056531552493059595,4.061839916306517e-05,0.9999999774112849,21.384778528430093,0.6489992003319898,0.08530446938829964,0.04073226287862871,16384,HAR_subject
128,0.65,conditional,analytic under stated assumptions,0.0,0.0,0.0,1.0,21.742943970827366,0.6489992003319898,0.08530446938829964,0.04073226287862871,0,HAR_subject
128,0.65,fixed_k,analytic under stated assumptions,0.0,0.0,0.0,1.0,,0.65,0.0,0.04073226287862871,0,HAR_subject
128,0.9,naive,Rao-Blackwell Monte Carlo,0.10102425915238362,-0.1010242539915305,0.00016704654351029744,0.9999999993548639,12.54875519515519,0.8998404942576693,0.08530446938829964,0.09941433508233005,16384,HAR_subject
128,0.9,mean_length,Rao-Blackwell Monte Carlo,0.0011386254339528805,-0.0011380599905894749,0.00018560727056699832,0.9999999993548638,15.49229036438912,0.8998404942576693,0.08530446938829964,0.09941433508233005,16384,HAR_subject
128,0.9,marginal_oracle,Rao-Blackwell Monte Carlo,0.0009616714980089906,-0.0009610017049890682,6.609484664297544e-06,0.999999999354864,15.49778317851603,0.8998404942576693,0.08530446938829964,0.09941433508233005,16384,HAR_subject
128,0.9,conditional,analytic under stated assumptions,0.0,0.0,0.0,1.0,15.530360275256532,0.8998404942576693,0.08530446938829964,0.09941433508233005,0,HAR_subject
128,0.9,fixed_k,analytic under stated assumptions,0.0,0.0,0.0,1.0,,0.9,0.0,0.09941433508233005,0,HAR_subject
32,0.35,naive,Rao-Blackwell Monte Carlo,0.6665048140861642,-0.6665047906322386,0.002081671996673881,0.9999998594471888,18.645797975396807,0.354261942968938,0.17525510690881263,0.008117700870922739,16384,HAR_subject
32,0.35,mean_length,Rao-Blackwell Monte Carlo,0.047159250666717493,-0.04715654466353873,0.005947634276211081,0.999999859447189,152.21059571752502,0.354261942968938,0.17525510690881263,0.008117700870922739,16384,HAR_subject
32,0.35,marginal_oracle,Rao-Blackwell Monte Carlo,0.058621838302093415,-0.05861971350108431,0.0002617115981999835,0.999999859447189,148.57029098957668,0.354261942968938,0.17525510690881263,0.008117700870922739,16384,HAR_subject
32,0.35,conditional,analytic under stated assumptions,0.0,0.0,0.0,1.0,200.87861224101388,0.354261942968938,0.17525510690881263,0.008117700870922739,0,HAR_subject
32,0.35,fixed_k,analytic under stated assumptions,0.0,0.0,0.0,1.0,,0.3499999999999999,0.0,0.008117700870922739,0,HAR_subject
32,0.65,naive,Rao-Blackwell Monte Carlo,0.36574171784999276,-0.36574170066045275,0.0013597470899369113,0.9999999843718915,35.441413760348716,0.647093752389404,0.17525510690881263,0.012189947284845088,16384,HAR_subject
32,0.65,mean_length,Rao-Blackwell Monte Carlo,0.02421861544016974,-0.024218001016081105,0.002091918599902942,0.9999999843718911,83.88500298307385,0.647093752389404,0.17525510690881263,0.012189947284845088,16384,HAR_subject
32,0.65,marginal_oracle,Rao-Blackwell Monte Carlo,0.0198362954409635,-0.019835538517350083,6.891013922427842e-05,0.999999984371891,84.64018891563965,0.647093752389404,0.17525510690881263,0.012189947284845088,16384,HAR_subject
32,0.65,conditional,analytic under stated assumptions,0.0,0.0,0.0,1.0,89.40095215251614,0.647093752389404,0.17525510690881263,0.012189947284845088,0,HAR_subject
32,0.65,fixed_k,analytic under stated assumptions,0.0,0.0,0.0,1.0,,0.6500000000000001,0.0,0.012189947284845088,0,HAR_subject
32,0.9,naive,Rao-Blackwell Monte Carlo,0.1035304106459246,-0.10353040725978511,0.0003204064189005457,0.9999999995637843,50.08430011834136,0.8995101718228679,0.17525510690881263,0.029751735316609722,16384,HAR_subject
32,0.9,mean_length,Rao-Blackwell Monte Carlo,0.003922785064551317,-0.003922674733094579,0.0003560071321117168,0.9999999995637843,61.83246928190291,0.8995101718228679,0.17525510690881263,0.029751735316609722,16384,HAR_subject
32,0.9,marginal_oracle,Rao-Blackwell Monte Carlo,0.0033803890965433377,-0.0033802609218872804,4.935772200342165e-06,0.9999999995637837,61.89982934771249,0.8995101718228679,0.17525510690881263,0.029751735316609722,16384,HAR_subject
32,0.9,conditional,analytic under stated assumptions,0.0,0.0,0.0,1.0,62.34000010965544,0.8995101718228679,0.17525510690881263,0.029751735316609722,0,HAR_subject
32,0.9,fixed_k,analytic under stated assumptions,0.0,0.0,0.0,1.0,,0.9,0.0,0.029751735316609722,0,HAR_subject
512,0.35,naive,Rao-Blackwell Monte Carlo,0.6504009594398628,-0.6504009196534224,0.0004649766239240091,0.99999978827334,1.2204418909067036,0.35067733507591314,0.037649402354079285,0.10731204565951524,16384,HAR_subject
512,0.35,mean_length,Rao-Blackwell Monte Carlo,0.00131704940836266,-0.0011454847240632044,0.001328504639782868,0.9999997882733401,9.962790946177176,0.35067733507591314,0.037649402354079285,0.10731204565951524,16384,HAR_subject
512,0.35,marginal_oracle,Rao-Blackwell Monte Carlo,0.003142468647370943,-0.0030747773565175697,5.9565560459102135e-06,0.9999997882733401,9.924341750597847,0.35067733507591314,0.037649402354079285,0.10731204565951524,16384,HAR_subject
512,0.35,conditional,analytic under stated assumptions,0.0,0.0,0.0,1.0,10.082112717032642,0.35067733507591314,0.037649402354079285,0.10731204565951524,0,HAR_subject
512,0.35,fixed_k,analytic under stated assumptions,0.0,0.0,0.0,1.0,,0.3499999999999999,0.0,0.10731204565951524,0,HAR_subject
512,0.65,naive,Rao-Blackwell Monte Carlo,0.3505951939339783,-0.35059516846328764,0.00027501956484347244,0.99999997882538,2.267632401284776,0.6500374300001598,0.037649402354079285,0.16114515678990335,16384,HAR_subject
512,0.65,mean_length,Rao-Blackwell Monte Carlo,0.0009384430043036882,-0.0009156437896732239,0.0004231070228361201,0.9999999788253804,5.367177281147398,0.6500374300001598,0.037649402354079285,0.16114515678990335,16384,HAR_subject
512,0.65,marginal_oracle,Rao-Blackwell Monte Carlo,0.0009946513498922344,-0.0009731723655470205,1.7399629498264452e-06,0.9999999788253803,5.366559200854275,0.6500374300001598,0.037649402354079285,0.16114515678990335,16384,HAR_subject
512,0.65,conditional,analytic under stated assumptions,0.0,0.0,0.0,1.0,5.382985582131909,0.6500374300001598,0.037649402354079285,0.16114515678990335,0,HAR_subject
512,0.65,fixed_k,analytic under stated assumptions,0.0,0.0,0.0,1.0,,0.65,0.0,0.16114515678990335,0,HAR_subject
512,0.9,naive,Rao-Blackwell Monte Carlo,0.10012469466151777,-0.10012468972603515,6.46357416645145e-05,0.9999999993897521,3.142546590387217,0.9000241576439337,0.037649402354079285,0.39330342784396266,16384,HAR_subject
512,0.9,mean_length,Rao-Blackwell Monte Carlo,0.00014287979554744476,-0.00013854414003903513,7.18174907383469e-05,0.9999999993897523,3.8796871486261937,0.9000241576439337,0.037649402354079285,0.39330342784396266,16384,HAR_subject
512,0.9,marginal_oracle,Rao-Blackwell Monte Carlo,0.00016903000139475456,-0.0001653815274897641,3.289835732172932e-07,0.9999999993897519,3.8794788812322905,0.9000241576439337,0.037649402354079285,0.39330342784396266,16384,HAR_subject
512,0.9,conditional,analytic under stated assumptions,0.0,0.0,0.0,1.0,3.881014248761619,0.9000241576439337,0.037649402354079285,0.39330342784396266,0,HAR_subject
512,0.9,fixed_k,analytic under stated assumptions,0.0,0.0,0.0,1.0,,0.9,0.0,0.39330342784396266,0,HAR_subject
128,0.35,naive,Rao-Blackwell Monte Carlo,0.6540688608182578,-0.6540688028494435,0.0010531671120794144,0.999999683161311,4.116145998818005,0.35193003892756825,0.08478269250006056,0.02712500047113208,16384,HAR_Dirichlet
128,0.35,mean_length,Rao-Blackwell Monte Carlo,0.011651745184962141,-0.01162515099840853,0.003009048891655441,0.9999996831613114,33.60119182708577,0.35193003892756825,0.08478269250006056,0.02712500047113208,16384,HAR_Dirichlet
128,0.35,marginal_oracle,Rao-Blackwell Monte Carlo,0.017063502038695652,-0.017045551994627966,7.561347944755469e-05,0.9999996831613113,33.233654118192746,0.35193003892756825,0.08478269250006056,0.02712500047113208,16384,HAR_Dirichlet
128,0.35,conditional,analytic under stated assumptions,0.0,0.0,0.0,1.0,36.26231703886998,0.35193003892756825,0.08478269250006056,0.02712500047113208,0,HAR_Dirichlet
128,0.35,fixed_k,analytic under stated assumptions,0.0,0.0,0.0,1.0,,0.3499999999999999,0.0,0.02712500047113208,0,HAR_Dirichlet
128,0.65,naive,Rao-Blackwell Monte Carlo,0.35436414130724997,-0.35436410206796404,0.0006545764005891815,0.9999999666423474,7.683195514440136,0.6492355936907723,0.08478269250006056,0.04073226287862871,16384,HAR_Dirichlet
128,0.65,mean_length,Rao-Blackwell Monte Carlo,0.006718903272350673,-0.006714003181482898,0.0010070406162910484,0.9999999666423475,18.185078140686713,0.6492355936907723,0.08478269250006056,0.04073226287862871,16384,HAR_Dirichlet
128,0.65,marginal_oracle,Rao-Blackwell Monte Carlo,0.005550460493059111,-0.0055445138771160855,3.0552932298842044e-05,0.9999999666423476,18.227925365806506,0.6492355936907723,0.08478269250006056,0.04073226287862871,16384,HAR_Dirichlet
128,0.65,conditional,analytic under stated assumptions,0.0,0.0,0.0,1.0,18.523247221332824,0.6492355936907723,0.08478269250006056,0.04073226287862871,0,HAR_Dirichlet
128,0.65,fixed_k,analytic under stated assumptions,0.0,0.0,0.0,1.0,,0.65,0.0,0.04073226287862871,0,HAR_Dirichlet
128,0.9,naive,Rao-Blackwell Monte Carlo,0.10095463440973287,-0.10095462677823336,0.00015314763739308478,0.9999999990468245,10.699250231852261,0.8998937662913166,0.08478269250006056,0.09941433508233005,16384,HAR_Dirichlet
128,0.9,mean_length,Rao-Blackwell Monte Carlo,0.0010615927680248266,-0.0010606964202592706,0.0001701640415478721,0.9999999990468246,13.208950903521309,0.8998937662913166,0.08478269250006056,0.09941433508233005,16384,HAR_Dirichlet
128,0.9,marginal_oracle,Rao-Blackwell Monte Carlo,0.0009437788403771933,-0.0009427702483664558,4.835944081058279e-06,0.9999999990468248,13.212069757594612,0.8998937662913166,0.08478269250006056,0.09941433508233005,16384,HAR_Dirichlet
128,0.9,conditional,analytic under stated assumptions,0.0,0.0,0.0,1.0,13.238992155370058,0.8998937662913166,0.08478269250006056,0.09941433508233005,0,HAR_Dirichlet
128,0.9,fixed_k,analytic under stated assumptions,0.0,0.0,0.0,1.0,,0.9,0.0,0.09941433508233005,0,HAR_Dirichlet
32,0.35,naive,Rao-Blackwell Monte Carlo,0.6665574682929317,-0.6665574335288341,0.002596126744040608,0.9999997915862674,15.900610377356568,0.354115581166487,0.17500172841306405,0.008117700870922739,16384,HAR_Dirichlet
32,0.35,mean_length,Rao-Blackwell Monte Carlo,0.04731095136615311,-0.047306952939525186,0.007417504982973143,0.9999997915862674,129.8009010396455,0.354115581166487,0.17500172841306405,0.008117700870922739,16384,HAR_Dirichlet
32,0.35,marginal_oracle,Rao-Blackwell Monte Carlo,0.05838245098203604,-0.05837928573270404,0.0003325132532755372,0.999999791586267,126.80130507475752,0.354115581166487,0.17500172841306405,0.008117700870922739,16384,HAR_Dirichlet
32,0.35,conditional,analytic under stated assumptions,0.0,0.0,0.0,1.0,171.48032310926453,0.354115581166487,0.17500172841306405,0.008117700870922739,0,HAR_Dirichlet
32,0.35,fixed_k,analytic under stated assumptions,0.0,0.0,0.0,1.0,,0.3499999999999999,0.0,0.008117700870922739,0,HAR_Dirichlet
32,0.65,naive,Rao-Blackwell Monte Carlo,0.36572906374283987,-0.3657290381560523,0.001637190612545614,0.9999999767391516,30.230601245259727,0.6470462397595782,0.17500172841306405,0.012189947284845088,16384,HAR_Dirichlet
32,0.65,mean_length,Rao-Blackwell Monte Carlo,0.02419943551484035,-0.02419852024008067,0.0025187547885317124,0.9999999767391516,71.55171892369164,0.6470462397595782,0.17500172841306405,0.012189947284845088,16384,HAR_Dirichlet
32,0.65,marginal_oracle,Rao-Blackwell Monte Carlo,0.019745127326167452,-0.01974399529835363,8.374195164669611e-05,0.9999999767391519,72.20647590143331,0.6470462397595782,0.17500172841306405,0.012189947284845088,16384,HAR_Dirichlet
32,0.65,conditional,analytic under stated assumptions,0.0,0.0,0.0,1.0,76.240491983657,0.6470462397595782,0.17500172841306405,0.012189947284845088,0,HAR_Dirichlet
32,0.65,fixed_k,analytic under stated assumptions,0.0,0.0,0.0,1.0,,0.6500000000000001,0.0,0.012189947284845088,0,HAR_Dirichlet
32,0.9,naive,Rao-Blackwell Monte Carlo,0.1035270866788008,-0.10352708163983979,0.00038572317528633306,0.9999999993508868,42.71953086814647,0.8994990291576344,0.17500172841306405,0.029751735316609722,16384,HAR_Dirichlet
32,0.9,mean_length,Rao-Blackwell Monte Carlo,0.003919143933984482,-0.003918979599821951,0.00042858130587370406,0.9999999993508868,52.74016156561293,0.8994990291576344,0.17500172841306405,0.029751735316609722,16384,HAR_Dirichlet
32,0.9,marginal_oracle,Rao-Blackwell Monte Carlo,0.003364409614359806,-0.003364217969537992,5.839613158192402e-06,0.9999999993508868,52.798924587919004,0.8994990291576344,0.17500172841306405,0.029751735316609722,16384,HAR_Dirichlet
32,0.9,conditional,analytic under stated assumptions,0.0,0.0,0.0,1.0,53.1723976837989,0.8994990291576344,0.17500172841306405,0.029751735316609722,0,HAR_Dirichlet
32,0.9,fixed_k,analytic under stated assumptions,0.0,0.0,0.0,1.0,,0.9,0.0,0.029751735316609722,0,HAR_Dirichlet
512,0.35,naive,Rao-Blackwell Monte Carlo,0.649930843256595,-0.6499307844898802,0.00047526387427272227,0.999999688333233,1.0416720215646291,0.3510248131985801,0.03645174820992574,0.10731204565951524,16384,HAR_Dirichlet
512,0.35,mean_length,Rao-Blackwell Monte Carlo,0.0008140570331192068,0.00019775860034302245,0.0013578967836363302,0.999999688333233,8.503445073996977,0.3510248131985801,0.03645174820992574,0.10731204565951524,16384,HAR_Dirichlet
512,0.35,marginal_oracle,Rao-Blackwell Monte Carlo,0.002833885312396137,-0.0027223080891421577,7.974082220390078e-06,0.999999688333233,8.45386611799889,0.3510248131985801,0.03645174820992574,0.10731204565951524,16384,HAR_Dirichlet
512,0.35,conditional,analytic under stated assumptions,0.0,0.0,0.0,1.0,8.579572645522136,0.3510248131985801,0.03645174820992574,0.10731204565951524,0,HAR_Dirichlet
512,0.35,fixed_k,analytic under stated assumptions,0.0,0.0,0.0,1.0,,0.3499999999999999,0.0,0.10731204565951524,0,HAR_Dirichlet
512,0.65,naive,Rao-Blackwell Monte Carlo,0.350297940413772,-0.3502979028601221,0.00028172131649906374,0.9999999688354286,1.9339110375270576,0.650262257428484,0.03645174820992574,0.16114515678990335,16384,HAR_Dirichlet
512,0.65,mean_length,Rao-Blackwell Monte Carlo,0.0005218448048682631,-0.00045831209249536564,0.0004334174099985516,0.9999999688354291,4.577304230833272,0.650262257428484,0.03645174820992574,0.16114515678990335,16384,HAR_Dirichlet
512,0.65,marginal_oracle,Rao-Blackwell Monte Carlo,0.0008968257134056877,-0.0008614374926528049,2.2102660701488713e-06,0.9999999688354289,4.57361282801852,0.650262257428484,0.03645174820992574,0.16114515678990335,16384,HAR_Dirichlet
512,0.65,conditional,analytic under stated assumptions,0.0,0.0,0.0,1.0,4.586687700668989,0.650262257428484,0.03645174820992574,0.16114515678990335,0,HAR_Dirichlet
512,0.65,fixed_k,analytic under stated assumptions,0.0,0.0,0.0,1.0,,0.65,0.0,0.16114515678990335,0,HAR_Dirichlet
512,0.9,naive,Rao-Blackwell Monte Carlo,0.10005565909461052,-0.10005565181724274,6.619160269126762e-05,0.9999999991009484,2.679128808862999,0.9000761646651398,0.03645174820992574,0.39330342784396266,16384,HAR_Dirichlet
512,0.9,mean_length,Rao-Blackwell Monte Carlo,7.497660843770706e-05,-6.183535249191517e-05,7.35462252125193e-05,0.9999999991009486,3.3075664306950605,0.9000761646651398,0.03645174820992574,0.39330342784396266,16384,HAR_Dirichlet
512,0.9,marginal_oracle,Rao-Blackwell Monte Carlo,0.00015246404819638213,-0.00014645036448842372,3.627693328790966e-07,0.9999999991009483,3.307006680218916,0.9000761646651398,0.03645174820992574,0.39330342784396266,16384,HAR_Dirichlet
512,0.9,conditional,analytic under stated assumptions,0.0,0.0,0.0,1.0,3.308227300237085,0.9000761646651398,0.03645174820992574,0.39330342784396266,0,HAR_Dirichlet
512,0.9,fixed_k,analytic under stated assumptions,0.0,0.0,0.0,1.0,,0.9,0.0,0.39330342784396266,0,HAR_Dirichlet
128,0.35,naive,Rao-Blackwell Monte Carlo,0.6533141212229712,-0.6533135388499369,0.0014855381688967588,0.9999968344638047,1.6217163286754348,0.35147013142071354,0.07887699618292959,0.02712500047113208,16384,PAMAP2_subject
128,0.35,mean_length,Rao-Blackwell Monte Carlo,0.009789825799586503,-0.009467253856961745,0.004244394768276437,0.9999968344638046,13.238500642248454,0.35147013142071354,0.07887699618292959,0.02712500047113208,16384,PAMAP2_subject
128,0.35,marginal_oracle,Rao-Blackwell Monte Carlo,0.013834903917998376,-0.013610460300890038,6.817247128558892e-05,0.9999968344638049,13.127984097982617,0.35147013142071354,0.07887699618292959,0.02712500047113208,16384,PAMAP2_subject
128,0.35,conditional,analytic under stated assumptions,0.0,0.0,0.0,1.0,14.16860110826316,0.35147013142071354,0.07887699618292959,0.02712500047113208,0,PAMAP2_subject
128,0.35,fixed_k,analytic under stated assumptions,0.0,0.0,0.0,1.0,,0.3499999999999999,0.0,0.02712500047113208,0,PAMAP2_subject
128,0.65,naive,Rao-Blackwell Monte Carlo,0.35366674891642347,-0.3536663604347092,0.0008949790558718447,0.9999996711098715,3.026681404630144,0.6491910366149591,0.07887699618292959,0.04073226287862871,16384,PAMAP2_subject
128,0.65,mean_length,Rao-Blackwell Monte Carlo,0.005697915079326037,-0.005640554514937186,0.0013768908551874584,0.9999996711098713,7.163742969538802,0.6491910366149591,0.07887699618292959,0.04073226287862871,16384,PAMAP2_subject
128,0.65,marginal_oracle,Rao-Blackwell Monte Carlo,0.0044749268830160845,-0.004401473354542071,2.4484243683932114e-05,0.9999996711098714,7.181607715559038,0.6491910366149591,0.07887699618292959,0.04073226287862871,16384,PAMAP2_subject
128,0.65,conditional,analytic under stated assumptions,0.0,0.0,0.0,1.0,7.283653684684731,0.6491910366149591,0.07887699618292959,0.04073226287862871,0,PAMAP2_subject
128,0.65,fixed_k,analytic under stated assumptions,0.0,0.0,0.0,1.0,,0.65,0.0,0.04073226287862871,0,PAMAP2_subject
128,0.9,naive,Rao-Blackwell Monte Carlo,0.10079825607525035,-0.10079818051290551,0.000210672668427554,0.9999999905801515,4.212636592702357,0.8998751850113957,0.07887699618292959,0.09941433508233005,16384,PAMAP2_subject
128,0.9,mean_length,Rao-Blackwell Monte Carlo,0.0008974072603412008,-0.0008868672365617142,0.00023408074269728405,0.9999999905801515,5.20078591691649,0.8998751850113957,0.07887699618292959,0.09941433508233005,16384,PAMAP2_subject
128,0.9,marginal_oracle,Rao-Blackwell Monte Carlo,0.0007607535614910904,-0.0007482876909120759,3.6779350008133315e-06,0.9999999905801513,5.202228741575242,0.8998751850113957,0.07887699618292959,0.09941433508233005,16384,PAMAP2_subject
128,0.9,conditional,analytic under stated assumptions,0.0,0.0,0.0,1.0,5.2115456839520045,0.8998751850113957,0.07887699618292959,0.09941433508233005,0,PAMAP2_subject
128,0.9,fixed_k,analytic under stated assumptions,0.0,0.0,0.0,1.0,,0.9,0.0,0.09941433508233005,0,PAMAP2_subject
32,0.35,naive,Rao-Blackwell Monte Carlo,0.6651266203521675,-0.6651262683765965,0.0020978144763365513,0.999997912371515,6.270090783862986,0.35464164248861235,0.17221811904338605,0.008117700870922739,16384,PAMAP2_subject
32,0.35,mean_length,Rao-Blackwell Monte Carlo,0.043262106860020653,-0.043217909647418104,0.0059937556466758985,0.9999979123715154,51.18441456214685,0.35464164248861235,0.17221811904338605,0.008117700870922739,16384,PAMAP2_subject
32,0.35,marginal_oracle,Rao-Blackwell Monte Carlo,0.055773907496608655,-0.05574052366352753,0.00024278990359999806,0.9999979123715153,49.853352598961045,0.35464164248861235,0.17221811904338605,0.008117700870922739,16384,PAMAP2_subject
32,0.35,conditional,analytic under stated assumptions,0.0,0.0,0.0,1.0,65.95351076614647,0.35464164248861235,0.17221811904338605,0.008117700870922739,0,PAMAP2_subject
32,0.35,fixed_k,analytic under stated assumptions,0.0,0.0,0.0,1.0,,0.3499999999999999,0.0,0.008117700870922739,0,PAMAP2_subject
32,0.65,naive,Rao-Blackwell Monte Carlo,0.3646372006892777,-0.36463694417659914,0.001378374916724778,0.9999997683002374,11.900809173923221,0.6475425787778434,0.17221811904338605,0.012189947284845088,16384,PAMAP2_subject
32,0.65,mean_length,Rao-Blackwell Monte Carlo,0.02252820469650903,-0.022518375656306575,0.0021205767949611883,0.9999997683002374,28.167595677924776,0.6475425787778434,0.17221811904338605,0.012189947284845088,16384,PAMAP2_subject
32,0.65,marginal_oracle,Rao-Blackwell Monte Carlo,0.018820693106551926,-0.018808837215662122,6.336391769294934e-05,0.9999997683002372,28.381793149401624,0.6475425787778434,0.17221811904338605,0.012189947284845088,16384,PAMAP2_subject
32,0.65,conditional,analytic under stated assumptions,0.0,0.0,0.0,1.0,29.90622207330917,0.6475425787778434,0.17221811904338605,0.012189947284845088,0,PAMAP2_subject
32,0.65,fixed_k,analytic under stated assumptions,0.0,0.0,0.0,1.0,,0.6500000000000001,0.0,0.012189947284845088,0,PAMAP2_subject
32,0.9,naive,Rao-Blackwell Monte Carlo,0.10327055546233706,-0.10327050498480009,0.0003252754249842601,0.9999999935173639,16.797974606544035,0.8996143281304977,0.17221811904338605,0.029751735316609722,16384,PAMAP2_subject
32,0.9,mean_length,Rao-Blackwell Monte Carlo,0.0036356649908169006,-0.0036338944275556696,0.0003614171388714023,0.999999993517364,20.738240254992636,0.8996143281304977,0.17221811904338605,0.029751735316609722,16384,PAMAP2_subject
32,0.9,marginal_oracle,Rao-Blackwell Monte Carlo,0.003208752285992944,-0.0032067442959615596,4.364308857177455e-06,0.9999999935173639,20.75602536595837,0.8996143281304977,0.17221811904338605,0.029751735316609722,16384,PAMAP2_subject
32,0.9,conditional,analytic under stated assumptions,0.0,0.0,0.0,1.0,20.898258705475698,0.8996143281304977,0.17221811904338605,0.029751735316609722,0,PAMAP2_subject
32,0.9,fixed_k,analytic under stated assumptions,0.0,0.0,0.0,1.0,,0.9,0.0,0.029751735316609722,0,PAMAP2_subject
512,0.35,naive,Rao-Blackwell Monte Carlo,0.6496892068957135,-0.6496891186946792,0.0003504435221834565,0.9999995330485356,0.44059500735775536,0.35048876057901746,0.024844475679058255,0.10731204565951524,16384,PAMAP2_subject
512,0.35,mean_length,Rao-Blackwell Monte Carlo,0.0013132098031679142,0.0008882323009170616,0.0010012672062384331,0.9999995330485354,3.596693937614331,0.35048876057901746,0.024844475679058255,0.10731204565951524,16384,PAMAP2_subject
512,0.35,marginal_oracle,Rao-Blackwell Monte Carlo,0.0010911141846615586,-0.0005075177686231707,2.5071356446376267e-07,0.9999995330485357,3.5866696704321486,0.35048876057901746,0.024844475679058255,0.10731204565951524,16384,PAMAP2_subject
512,0.35,conditional,analytic under stated assumptions,0.0,0.0,0.0,1.0,3.607821195622951,0.35048876057901746,0.024844475679058255,0.10731204565951524,0,PAMAP2_subject
512,0.35,fixed_k,analytic under stated assumptions,0.0,0.0,0.0,1.0,,0.3499999999999999,0.0,0.10731204565951524,0,PAMAP2_subject
512,0.65,naive,Rao-Blackwell Monte Carlo,0.349976199429559,-0.34997614325593607,0.00020560813142528618,0.9999999534722249,0.8178290626713745,0.6501280220992571,0.024844475679058255,0.16114515678990335,16384,PAMAP2_subject
512,0.65,mean_length,Rao-Blackwell Monte Carlo,0.0003072612489809226,3.6702683175370884e-05,0.00031632020219274376,0.9999999534722246,1.9356900891630162,0.6501280220992571,0.024844475679058255,0.16114515678990335,16384,PAMAP2_subject
512,0.65,marginal_oracle,Rao-Blackwell Monte Carlo,0.0003445244511659984,-0.00016022283558363162,8.928584482381207e-08,0.9999999534722247,1.9349278186531076,0.6501280220992571,0.024844475679058255,0.16114515678990335,16384,PAMAP2_subject
512,0.65,conditional,analytic under stated assumptions,0.0,0.0,0.0,1.0,1.9368962977338469,0.6501280220992571,0.024844475679058255,0.16114515678990335,0,PAMAP2_subject
512,0.65,fixed_k,analytic under stated assumptions,0.0,0.0,0.0,1.0,,0.65,0.0,0.16114515678990335,0,PAMAP2_subject
512,0.9,naive,Rao-Blackwell Monte Carlo,0.09998764345625229,-0.09998763257865641,4.8339200152797994e-05,0.9999999986572897,1.132499814988052,0.9000368690666817,0.024844475679058255,0.39330342784396266,16384,PAMAP2_subject
512,0.9,mean_length,Rao-Blackwell Monte Carlo,5.3612732883238595e-05,1.3741579270647301e-05,5.371022239200315e-05,0.9999999986572902,1.3981479197383355,0.9000368690666817,0.024844475679058255,0.39330342784396266,16384,PAMAP2_subject
512,0.9,marginal_oracle,Rao-Blackwell Monte Carlo,5.853513742431983e-05,-2.722293517095995e-05,2.111344597106727e-08,0.9999999986572898,1.3980333747572533,0.9000368690666817,0.024844475679058255,0.39330342784396266,16384,PAMAP2_subject
512,0.9,conditional,analytic under stated assumptions,0.0,0.0,0.0,1.0,1.398199251119405,0.9000368690666817,0.024844475679058255,0.39330342784396266,0,PAMAP2_subject
512,0.9,fixed_k,analytic under stated assumptions,0.0,0.0,0.0,1.0,,0.9,0.0,0.39330342784396266,0,PAMAP2_subject
